{"type": "FeatureCollection", "features": [{"type": "Feature", "properties": {"codigo_dane": "68001", "municipio": "Bucaramanga"}, "geometry": {"type": "Polygon", "coordinates": [[[-73.18434, 7.11663], [-73.17397, 7.11747], [-73.16883, 7.12226], [-73.16513, 7.12669], [-73.15024, 7.13567], [-73.1411, 7.14321], [-73.13134, 7.14741], [-73.12446, 7.15088], [-73.11583, 7.15304], [-73.11151, 7.15412], [-73.10864, 7.15484], [-73.10946, 7.15113], [-73.10792, 7.14277], [-73.10781, 7.13404], [-73.10545, 7.12938], [-73.0999, 7.12377], [-73.09322, 7.12019], [-73.08829, 7.11792], [-73.07904, 7.11673], [-73.07812, 7.11171], [-73.08171, 7.09856], [-73.08242, 7.08612], [-73.07513, 7.07919], [-73.06527, 7.07466], [-73.06177, 7.07203], [-73.06722, 7.06892], [-73.07594, 7.05098], [-73.08395, 7.04547], [-73.09453, 7.03757], [-73.10963, 7.02153], [-73.11528, 7.01136], [-73.12391, 7.0092], [-73.13038, 6.99532], [-73.14014, 6.99113], [-73.14846, 6.9873], [-73.15431, 6.99458], [-73.16243, 6.9978], [-73.17106, 6.99564], [-73.18349, 6.99778], [-73.1876, 7.00376], [-73.18976, 7.01547], [-73.19346, 7.03555], [-73.18617, 7.05314], [-73.183, 7.07669], [-73.18413, 7.09917], [-73.18198, 7.11196], [-73.18434, 7.11663]]]}}, {"type": "Feature", "properties": {"codigo_dane": "68013", "municipio": "Aguada"}, "geometry": {"type": "Polygon", "coordinates": [[[-73.51345, 6.15179], [-73.50317, 6.13685], [-73.49475, 6.13196], [-73.48694, 6.13041], [-73.47451, 6.12827], [-73.4705, 6.13103], [-73.47533, 6.12457], [-73.47553, 6.11751], [-73.47574, 6.11046], [-73.47902, 6.09563], [-73.49433, 6.09705], [-73.50234, 6.09154], [-73.51148, 6.084], [-73.52525, 6.07705], [-73.53994, 6.07512], [-73.54538, 6.07201], [-73.55113, 6.07057], [-73.5498, 6.07965], [-73.54847, 6.08874], [-73.54713, 6.09783], [-73.54755, 6.10823], [-73.54457, 6.12473], [-73.5306, 6.13874], [-73.52403, 6.14389], [-73.51345, 6.15179]]]}}, {"type": "Feature", "properties": {"codigo_dane": "68020", "municipio": "Albania"}, "geometry": {"type": "Polygon", "coordinates": [[[-73.74337, 5.79131], [-73.74296, 5.78091], [-73.74399, 5.77015], [-73.74501, 5.75939], [-73.75179, 5.74719], [-73.75168, 5.73846], [-73.74808, 5.72711], [-73.74654, 5.71874], [-73.76164, 5.7027], [-73.77653, 5.69372], [-73.78886, 5.68713], [-73.80344, 5.67647], [-73.81063, 5.67467], [-73.82389, 5.67311], [-73.8357, 5.6719], [-73.84977, 5.66662], [-73.86385, 5.66135], [-73.8698, 5.65285], [-73.87463, 5.64639], [-73.87658, 5.64065], [-73.8849, 5.63682], [-73.89096, 5.63705], [-73.88901, 5.64279], [-73.896, 5.64804], [-73.93863, 5.64262], [-73.96082, 5.64057], [-73.97263, 5.63936], [-73.98301, 5.63851], [-73.99082, 5.64006], [-73.96647, 5.65491], [-73.96021, 5.66173], [-73.94593, 5.67406], [-73.94183, 5.69259], [-73.92549, 5.70194], [-73.91861, 5.70541], [-73.91071, 5.71965], [-73.90013, 5.72755], [-73.8955, 5.72696], [-73.87526, 5.72327], [-73.85657, 5.72795], [-73.84568, 5.73418], [-73.8388, 5.73765], [-73.82503, 5.7446], [-73.81784, 5.7464], [-73.80665, 5.75096], [-73.79751, 5.7585], [-73.78405, 5.76712], [-73.76772, 5.77646], [-73.74337, 5.79131]]]}}, {"type": "Feature", "properties": {"codigo_dane": "68051", "municipio": "Aratoca"}, "geometry": {"type": "Polygon", "coordinates": [[[-72.98023, 6.76855], [-72.98094, 6.75611], [-72.98454, 6.74296], [-72.9834, 6.72048], [-72.98124, 6.70877], [-72.97302, 6.69682], [-72.96675, 6.67913], [-72.95627, 6.67125], [-72.94979, 6.66062], [-72.94743, 6.65596], [-72.95, 6.65356], [-72.9617, 6.64363], [-72.97896, 6.6393], [-72.9843, 6.62746], [-72.99344, 6.61992], [-73.0107, 6.6156], [-73.0222, 6.61272], [-73.03145, 6.6139], [-73.04419, 6.61772], [-73.05323, 6.62596], [-73.06341, 6.63216], [-73.07676, 6.63933], [-73.08282, 6.63956], [-73.0858, 6.64757], [-73.0856, 6.65462], [-73.08047, 6.65941], [-73.06495, 6.66504], [-73.06064, 6.66612], [-73.04831, 6.67271], [-73.05253, 6.68741], [-73.05746, 6.68968], [-73.06681, 6.69959], [-73.06168, 6.70438], [-73.04864, 6.72341], [-73.03467, 6.73741], [-73.02964, 6.75092], [-73.02717, 6.76205], [-73.02122, 6.77054], [-73.01588, 6.78238], [-73.01002, 6.7751], [-73.00447, 6.76948], [-72.99543, 6.76124], [-72.99255, 6.76196], [-72.98023, 6.76855]]]}}, {"type": "Feature", "properties": {"codigo_dane": "68077", "municipio": "Barbosa"}, "geometry": {"type": "Polygon", "coordinates": [[[-73.61141, 5.94867], [-73.59754, 5.94689], [-73.59086, 5.94331], [-73.58911, 5.942], [-73.58993, 5.93829], [-73.59527, 5.92645], [-73.60041, 5.92166], [-73.60636, 5.91317], [-73.60975, 5.90707], [-73.61396, 5.89726], [-73.61386, 5.88853], [-73.61231, 5.88016], [-73.61252, 5.87311], [-73.61272, 5.86605], [-73.61755, 5.85959], [-73.61775, 5.85254], [-73.62032, 5.85014], [-73.62361, 5.85983], [-73.63203, 5.86472], [-73.63604, 5.86197], [-73.64621, 5.86817], [-73.65094, 5.87749], [-73.64642, 5.88563], [-73.64108, 5.89747], [-73.63574, 5.90931], [-73.6304, 5.92115], [-73.6188, 5.93982], [-73.61141, 5.94867]]]}}, {"type": "Feature", "properties": {"codigo_dane": "68079", "municipio": "Barichara"}, "geometry": {"type": "Polygon", "coordinates": [[[-73.26538, 6.63411], [-73.25449, 6.64034], [-73.24771, 6.65254], [-73.24288, 6.659], [-73.23313, 6.6632], [-73.2245, 6.66536], [-73.2132, 6.66119], [-73.20097, 6.65199], [-73.19706, 6.63896], [-73.20415, 6.62844], [-73.20754, 6.62233], [-73.20281, 6.61301], [-73.2026, 6.59556], [-73.18657, 6.58206], [-73.18122, 6.56939], [-73.17855, 6.56306], [-73.1768, 6.56175], [-73.19488, 6.55372], [-73.20566, 6.53876], [-73.21614, 6.52213], [-73.22508, 6.54616], [-73.23258, 6.54603], [-73.23731, 6.55535], [-73.24235, 6.56634], [-73.25427, 6.57386], [-73.25817, 6.58689], [-73.26917, 6.58939], [-73.27903, 6.59393], [-73.27564, 6.60003], [-73.26968, 6.60852], [-73.2701, 6.61892], [-73.26815, 6.62466], [-73.26538, 6.63411]]]}}, {"type": "Feature", "properties": {"codigo_dane": "68081", "municipio": "Barrancabermeja"}, "geometry": {"type": "Polygon", "coordinates": [[[-73.99517, 6.98536], [-73.97329, 6.98909], [-73.95973, 6.98898], [-73.94535, 6.99258], [-73.93014, 6.99989], [-73.92038, 7.00409], [-73.90467, 7.01678], [-73.89265, 7.02504], [-73.88063, 7.0333], [-73.87375, 7.03677], [-73.86502, 7.03021], [-73.85351, 7.03309], [-73.84982, 7.03752], [-73.83328, 7.05391], [-73.82547, 7.05237], [-73.81787, 7.04377], [-73.80349, 7.04737], [-73.78315, 7.05946], [-73.76733, 7.06343], [-73.74832, 7.06643], [-73.72634, 7.06143], [-73.70292, 7.0568], [-73.68668, 7.05036], [-73.67332, 7.0432], [-73.65391, 7.0358], [-73.63973, 7.03235], [-73.63274, 7.0271], [-73.6235, 7.02591], [-73.61713, 7.024], [-73.60151, 7.02091], [-73.59052, 7.01841], [-73.57747, 7.01292], [-73.56935, 7.0097], [-73.56154, 7.00816], [-73.55517, 7.00625], [-73.57335, 6.98244], [-73.6209, 6.93026], [-73.6662, 6.88215], [-73.71231, 6.83034], [-73.72247, 6.81203], [-73.73531, 6.80006], [-73.72853, 6.78776], [-73.72062, 6.77748], [-73.71609, 6.76111], [-73.72143, 6.74926], [-73.73807, 6.7416], [-73.75985, 6.72914], [-73.76775, 6.7149], [-73.77864, 6.70867], [-73.79241, 6.70173], [-73.80936, 6.69573], [-73.81326, 6.70876], [-73.83925, 6.711], [-73.8523, 6.71649], [-73.86371, 6.72939], [-73.86638, 6.73573], [-73.87604, 6.74731], [-73.89002, 6.75782], [-73.89824, 6.76977], [-73.91878, 6.77513], [-73.93912, 6.76303], [-73.95196, 6.75106], [-73.96038, 6.73145], [-73.9726, 6.71613], [-73.97301, 6.70202], [-73.99602, 6.69626], [-74.01615, 6.69122], [-74.04029, 6.68342], [-74.05755, 6.6791], [-74.06556, 6.67359], [-74.06546, 6.66486], [-74.07347, 6.65936], [-74.08076, 6.66628], [-74.08446, 6.66185], [-74.08898, 6.65372], [-74.09792, 6.65323], [-74.09802, 6.66196], [-74.10069, 6.66829], [-74.11343, 6.67211], [-74.09002, 6.69198], [-74.05777, 6.72106], [-74.04462, 6.73136], [-74.00702, 6.74778], [-73.98812, 6.75951], [-73.9605, 6.78919], [-73.9377, 6.81241], [-73.93123, 6.82629], [-73.93041, 6.83], [-73.93688, 6.84063], [-73.94459, 6.85796], [-73.95333, 6.86453], [-73.9671, 6.88209], [-73.98035, 6.90503], [-73.978, 6.92488], [-73.97821, 6.94233], [-73.98921, 6.96934], [-73.99517, 6.98536]]]}}, {"type": "Feature", "properties": {"codigo_dane": "68092", "municipio": "Betulia"}, "geometry": {"type": "Polygon", "coordinates": [[[-73.54624, 7.00674], [-73.53463, 7.00089], [-73.51788, 6.99983], [-73.4962, 6.99651], [-73.48285, 6.98935], [-73.4661, 6.98829], [-73.45336, 6.98448], [-73.43857, 6.97768], [-73.42757, 6.97518], [-73.41483, 6.97136], [-73.39973, 6.96289], [-73.38956, 6.95668], [-73.37939, 6.95048], [-73.36202, 6.94607], [-73.34404, 6.93832], [-73.33613, 6.92804], [-73.32277, 6.92088], [-73.31291, 6.91635], [-73.30305, 6.91182], [-73.29062, 6.90968], [-73.27757, 6.90419], [-73.26627, 6.90002], [-73.25137, 6.88449], [-73.24376, 6.87589], [-73.24417, 6.86178], [-73.24519, 6.85102], [-73.24365, 6.84265], [-73.25269, 6.82638], [-73.25114, 6.81801], [-73.25648, 6.80617], [-73.27209, 6.78475], [-73.2836, 6.78187], [-73.2911, 6.78174], [-73.30743, 6.79691], [-73.32696, 6.81303], [-73.34997, 6.83178], [-73.36467, 6.85436], [-73.36981, 6.87409], [-73.37053, 6.88616], [-73.40865, 6.88887], [-73.42323, 6.87822], [-73.43905, 6.87425], [-73.46463, 6.8661], [-73.48189, 6.86178], [-73.48333, 6.86142], [-73.50346, 6.85637], [-73.52401, 6.86173], [-73.52524, 6.86843], [-73.52494, 6.89126], [-73.53399, 6.92401], [-73.54159, 6.93262], [-73.55639, 6.93942], [-73.55814, 6.96524], [-73.55856, 6.97564], [-73.54624, 7.00674]]]}}, {"type": "Feature", "properties": {"codigo_dane": "68101", "municipio": "Bolívar"}, "geometry": {"type": "Polygon", "coordinates": [[[-74.56129, 6.05746], [-74.53909, 6.03501], [-74.53098, 6.03179], [-74.51187, 6.02607], [-74.49112, 6.02777], [-74.46667, 6.03389], [-74.44848, 6.03319], [-74.43955, 6.03368], [-74.4039, 6.04435], [-74.35336, 6.06401], [-74.32522, 6.07456], [-74.29922, 6.07232], [-74.28186, 6.06791], [-74.24025, 6.06257], [-74.21077, 6.0577], [-74.15971, 6.05823], [-74.14071, 6.06124], [-74.13361, 6.04726], [-74.12539, 6.03531], [-74.10701, 6.04167], [-74.0953, 6.0516], [-74.06746, 6.06383], [-74.03562, 6.0788], [-74.01086, 6.08325], [-73.9823, 6.0834], [-73.96268, 6.08306], [-73.93381, 6.08154], [-73.90494, 6.08001], [-73.87053, 6.07287], [-73.86251, 6.07838], [-73.83355, 6.09264], [-73.80653, 6.10115], [-73.78989, 6.10882], [-73.78013, 6.11302], [-73.76246, 6.10694], [-73.74982, 6.08734], [-73.73174, 6.07086], [-73.71704, 6.04828], [-73.71754, 6.01839], [-73.72904, 5.991], [-73.73767, 5.96433], [-73.74804, 5.93897], [-73.75081, 5.92952], [-73.73201, 5.92547], [-73.73221, 5.91842], [-73.73498, 5.90897], [-73.73744, 5.89785], [-73.74473, 5.88027], [-73.78192, 5.87796], [-73.8375, 5.8938], [-73.84028, 5.90886], [-73.83289, 5.91772], [-73.8143, 5.93113], [-73.80546, 5.94035], [-73.818, 5.95121], [-73.84399, 5.95346], [-73.90121, 5.96189], [-73.92864, 5.96377], [-73.94406, 5.97392], [-73.95999, 6.0032], [-73.96739, 6.01885], [-73.99102, 6.04095], [-74.02606, 6.05143], [-74.0542, 6.04088], [-74.08943, 6.0198], [-74.10607, 6.01214], [-74.11532, 6.01332], [-74.12919, 6.0151], [-74.13402, 6.00864], [-74.12774, 5.99095], [-74.1261, 5.97386], [-74.12856, 5.96273], [-74.13985, 5.9424], [-74.13358, 5.92471], [-74.13101, 5.90259], [-74.13285, 5.88812], [-74.14251, 5.8752], [-74.14189, 5.87185], [-74.15103, 5.86431], [-74.15976, 5.84637], [-74.16767, 5.83213], [-74.17188, 5.82232], [-74.17618, 5.79673], [-74.18111, 5.77449], [-74.20134, 5.75367], [-74.20073, 5.75032], [-74.21213, 5.73871], [-74.21408, 5.73297], [-74.22229, 5.72041], [-74.22743, 5.71562], [-74.23143, 5.71286], [-74.23801, 5.70772], [-74.24663, 5.70556], [-74.24951, 5.70484], [-74.24982, 5.70651], [-74.25362, 5.71081], [-74.25537, 5.71212], [-74.25835, 5.72013], [-74.26071, 5.72479], [-74.26113, 5.73519], [-74.2636, 5.74858], [-74.26452, 5.7536], [-74.26658, 5.75659], [-74.26545, 5.75862], [-74.26411, 5.76771], [-74.26134, 5.77716], [-74.26371, 5.78182], [-74.27614, 5.78396], [-74.29237, 5.7904], [-74.29648, 5.79637], [-74.2972, 5.80845], [-74.29875, 5.81681], [-74.29567, 5.82459], [-74.29403, 5.832], [-74.29444, 5.84241], [-74.29742, 5.85041], [-74.29783, 5.86081], [-74.29856, 5.87289], [-74.29959, 5.88664], [-74.30288, 5.89632], [-74.31654, 5.90515], [-74.33205, 5.89952], [-74.34808, 5.8885], [-74.35373, 5.87833], [-74.36256, 5.86912], [-74.37807, 5.86348], [-74.40077, 5.85605], [-74.41115, 5.8552], [-74.42789, 5.85626], [-74.43457, 5.85984], [-74.43786, 5.86952], [-74.44423, 5.87143], [-74.45635, 5.87189], [-74.47135, 5.87164], [-74.47978, 5.87653], [-74.49375, 5.88704], [-74.49642, 5.89337], [-74.50002, 5.90473], [-74.50044, 5.91513], [-74.50116, 5.9272], [-74.50496, 5.9315], [-74.51051, 5.93712], [-74.5178, 5.94404], [-74.52788, 5.96603], [-74.52891, 5.97978], [-74.5287, 5.98684], [-74.53025, 5.9952], [-74.54042, 6.00141], [-74.55347, 6.0069], [-74.5657, 6.01609], [-74.57392, 6.02804], [-74.57865, 6.03736], [-74.58039, 6.03867], [-74.57207, 6.04251], [-74.56129, 6.05746]]]}}, {"type": "Feature", "properties": {"codigo_dane": "68121", "municipio": "Cabrera"}, "geometry": {"type": "Polygon", "coordinates": [[[-73.27903, 6.59393], [-73.26917, 6.58939], [-73.25817, 6.58689], [-73.25427, 6.57386], [-73.24235, 6.56634], [-73.23731, 6.55535], [-73.23258, 6.54603], [-73.22508, 6.54616], [-73.21614, 6.52213], [-73.21521, 6.51711], [-73.20966, 6.5115], [-73.20031, 6.50158], [-73.20113, 6.49788], [-73.20421, 6.4901], [-73.21284, 6.48794], [-73.22291, 6.48542], [-73.23893, 6.4744], [-73.25588, 6.46841], [-73.26502, 6.46087], [-73.28197, 6.45487], [-73.2866, 6.45547], [-73.28783, 6.46216], [-73.29287, 6.47315], [-73.29235, 6.47853], [-73.29215, 6.48559], [-73.29256, 6.49599], [-73.29616, 6.50735], [-73.30038, 6.52205], [-73.30285, 6.53544], [-73.29782, 6.54895], [-73.29197, 6.56617], [-73.28601, 6.57467], [-73.28293, 6.58244], [-73.28129, 6.58986], [-73.27903, 6.59393]]]}}, {"type": "Feature", "properties": {"codigo_dane": "68132", "municipio": "California"}, "geometry": {"type": "Polygon", "coordinates": [[[-72.95666, 7.3995], [-72.95768, 7.38874], [-72.95809, 7.37463], [-72.96281, 7.35944], [-72.96928, 7.34556], [-72.97349, 7.33576], [-72.97441, 7.31627], [-72.97913, 7.30108], [-72.97954, 7.28697], [-72.98097, 7.2621], [-72.98744, 7.24822], [-73.00315, 7.23553], [-73.01014, 7.24079], [-73.016, 7.24807], [-73.02237, 7.24998], [-73.03059, 7.26193], [-73.02834, 7.29051], [-73.0267, 7.29792], [-73.02588, 7.32614], [-73.03143, 7.33175], [-73.03113, 7.35459], [-73.02692, 7.3644], [-73.02363, 7.37923], [-73.02261, 7.38999], [-73.02765, 7.40098], [-73.03402, 7.40289], [-73.0446, 7.4195], [-73.03721, 7.42835], [-73.02734, 7.42382], [-73.02436, 7.41581], [-73.02087, 7.41318], [-73.0108, 7.41571], [-72.99991, 7.42193], [-72.98913, 7.41238], [-72.97464, 7.40725], [-72.95666, 7.3995]]]}}, {"type": "Feature", "properties": {"codigo_dane": "68147", "municipio": "Capitanejo"}, "geometry": {"type": "Polygon", "coordinates": [[[-72.71945, 6.60274], [-72.71052, 6.60323], [-72.70651, 6.60598], [-72.70363, 6.60671], [-72.69706, 6.61185], [-72.69162, 6.61497], [-72.68905, 6.61736], [-72.67928, 6.59705], [-72.66623, 6.59156], [-72.65832, 6.58128], [-72.65503, 6.5716], [-72.64948, 6.56599], [-72.64856, 6.56097], [-72.64013, 6.55608], [-72.63078, 6.54616], [-72.62092, 6.54163], [-72.61783, 6.52489], [-72.6206, 6.51544], [-72.61957, 6.5017], [-72.6245, 6.47945], [-72.62347, 6.4657], [-72.63754, 6.46043], [-72.64617, 6.45827], [-72.65079, 6.45886], [-72.65716, 6.46077], [-72.66158, 6.46842], [-72.66364, 6.4714], [-72.66456, 6.47642], [-72.66836, 6.48072], [-72.6698, 6.48036], [-72.67155, 6.48168], [-72.6736, 6.48466], [-72.67679, 6.48562], [-72.67884, 6.4886], [-72.68203, 6.48956], [-72.68521, 6.49051], [-72.69487, 6.5021], [-72.69498, 6.51083], [-72.6994, 6.51847], [-72.70382, 6.52612], [-72.70824, 6.53377], [-72.71266, 6.54142], [-72.71913, 6.55205], [-72.72869, 6.55491], [-72.73506, 6.55682], [-72.73454, 6.5622], [-72.73208, 6.57332], [-72.73013, 6.57906], [-72.72592, 6.58887], [-72.7251, 6.59258], [-72.72397, 6.59461], [-72.72027, 6.59904], [-72.71945, 6.60274]]]}}, {"type": "Feature", "properties": {"codigo_dane": "68152", "municipio": "Carcasí"}, "geometry": {"type": "Polygon", "coordinates": [[[-72.48968, 6.76008], [-72.48916, 6.74095], [-72.48988, 6.72852], [-72.49265, 6.71907], [-72.48813, 6.70269], [-72.48771, 6.69229], [-72.49007, 6.67244], [-72.4911, 6.66168], [-72.50363, 6.64804], [-72.51934, 6.63535], [-72.52612, 6.62315], [-72.52581, 6.62147], [-72.5255, 6.6198], [-72.53618, 6.62062], [-72.54769, 6.61774], [-72.55807, 6.6169], [-72.56813, 6.61438], [-72.57614, 6.60887], [-72.58385, 6.60169], [-72.58765, 6.60599], [-72.59258, 6.60825], [-72.59813, 6.61387], [-72.61149, 6.62103], [-72.62279, 6.6252], [-72.63142, 6.62304], [-72.6345, 6.63977], [-72.64406, 6.64263], [-72.64447, 6.65304], [-72.64519, 6.66511], [-72.63985, 6.67695], [-72.62928, 6.68485], [-72.62394, 6.6967], [-72.61973, 6.7065], [-72.61921, 6.71189], [-72.62302, 6.71619], [-72.61244, 6.72409], [-72.60761, 6.73055], [-72.60083, 6.74275], [-72.59364, 6.74455], [-72.58019, 6.75317], [-72.5766, 6.76633], [-72.5619, 6.76826], [-72.53828, 6.77067], [-72.52379, 6.76555], [-72.50674, 6.76281], [-72.49461, 6.76235], [-72.48968, 6.76008]]]}}, {"type": "Feature", "properties": {"codigo_dane": "68160", "municipio": "Cepitá"}, "geometry": {"type": "Polygon", "coordinates": [[[-72.94582, 6.78592], [-72.94058, 6.78198], [-72.93277, 6.78043], [-72.92208, 6.77961], [-72.91346, 6.78177], [-72.90626, 6.78357], [-72.89476, 6.78645], [-72.89188, 6.78717], [-72.88983, 6.78418], [-72.88982, 6.75967], [-72.89023, 6.74557], [-72.89146, 6.72775], [-72.88806, 6.70934], [-72.88878, 6.69691], [-72.90018, 6.6853], [-72.90295, 6.67585], [-72.90315, 6.66879], [-72.90161, 6.66043], [-72.90325, 6.65301], [-72.90428, 6.64225], [-72.91023, 6.63376], [-72.92359, 6.64092], [-72.92595, 6.64558], [-72.93294, 6.65083], [-72.94424, 6.655], [-72.94743, 6.65596], [-72.94979, 6.66062], [-72.95627, 6.67125], [-72.96675, 6.67913], [-72.97302, 6.69682], [-72.98124, 6.70877], [-72.9834, 6.72048], [-72.98454, 6.74296], [-72.98094, 6.75611], [-72.98023, 6.76855], [-72.97047, 6.77274], [-72.95701, 6.78137], [-72.94582, 6.78592]]]}}, {"type": "Feature", "properties": {"codigo_dane": "68162", "municipio": "Cerrito"}, "geometry": {"type": "Polygon", "coordinates": [[[-72.74409, 6.92398], [-72.74471, 6.92733], [-72.74912, 6.93498], [-72.7481, 6.94574], [-72.74533, 6.95518], [-72.75088, 6.9608], [-72.76301, 6.98577], [-72.75777, 6.98183], [-72.75201, 6.98328], [-72.73383, 6.98258], [-72.72489, 6.98306], [-72.71164, 6.98463], [-72.70445, 6.98643], [-72.69551, 6.98692], [-72.69366, 6.97688], [-72.68955, 6.9709], [-72.68205, 6.97103], [-72.66911, 6.97427], [-72.65822, 6.9805], [-72.6499, 6.98434], [-72.63521, 6.98626], [-72.62227, 6.9895], [-72.60757, 6.99143], [-72.59956, 6.99694], [-72.58919, 6.99779], [-72.58138, 6.99624], [-72.5747, 6.99266], [-72.56792, 6.98035], [-72.56268, 6.97641], [-72.55538, 6.96949], [-72.54778, 6.96089], [-72.54829, 6.9555], [-72.54767, 6.95216], [-72.5525, 6.9457], [-72.55558, 6.93792], [-72.55753, 6.93218], [-72.5603, 6.92273], [-72.55968, 6.91939], [-72.55732, 6.91472], [-72.55639, 6.9097], [-72.55321, 6.90875], [-72.53564, 6.88689], [-72.53841, 6.87744], [-72.54293, 6.86931], [-72.54703, 6.85077], [-72.54795, 6.83128], [-72.59397, 6.81976], [-72.61102, 6.82249], [-72.61873, 6.81531], [-72.63671, 6.82306], [-72.64226, 6.82867], [-72.66301, 6.82698], [-72.68211, 6.80819], [-72.6893, 6.80639], [-72.70379, 6.81151], [-72.71684, 6.817], [-72.72958, 6.82081], [-72.738, 6.82571], [-72.73811, 6.83444], [-72.73965, 6.8428], [-72.74294, 6.85248], [-72.74222, 6.86492], [-72.73914, 6.87269], [-72.73411, 6.88621], [-72.73709, 6.89422], [-72.74213, 6.90521], [-72.74316, 6.91896], [-72.74409, 6.92398]]]}}, {"type": "Feature", "properties": {"codigo_dane": "68167", "municipio": "Charalá"}, "geometry": {"type": "Polygon", "coordinates": [[[-72.9866, 6.36251], [-72.99594, 6.34792], [-73.01782, 6.34419], [-73.03159, 6.33724], [-73.03888, 6.31966], [-73.04052, 6.31224], [-73.04308, 6.28534], [-73.0479, 6.27888], [-73.05643, 6.26799], [-73.06331, 6.26451], [-73.07348, 6.24621], [-73.07717, 6.24178], [-73.08868, 6.2389], [-73.09412, 6.23579], [-73.09464, 6.23041], [-73.0933, 6.21498], [-73.09114, 6.20327], [-73.09134, 6.19622], [-73.09534, 6.19346], [-73.10099, 6.18329], [-73.10633, 6.17145], [-73.10849, 6.15866], [-73.11506, 6.15351], [-73.11639, 6.14442], [-73.1166, 6.13737], [-73.12471, 6.11607], [-73.12429, 6.10567], [-73.12377, 6.08654], [-73.12449, 6.07411], [-73.1288, 6.04852], [-73.13896, 6.03022], [-73.14399, 6.0167], [-73.14502, 6.00594], [-73.16001, 5.98117], [-73.17378, 5.97423], [-73.1784, 5.97482], [-73.18158, 5.97577], [-73.18652, 5.97804], [-73.19607, 5.9809], [-73.20388, 5.98244], [-73.20963, 5.981], [-73.21343, 5.9853], [-73.21785, 5.99295], [-73.22515, 5.99988], [-73.22556, 6.01028], [-73.22916, 6.02163], [-73.22844, 6.03407], [-73.22855, 6.0428], [-73.2302, 6.05989], [-73.22917, 6.07065], [-73.23031, 6.09313], [-73.23463, 6.11656], [-73.24008, 6.13796], [-73.24142, 6.15338], [-73.23896, 6.1645], [-73.23557, 6.1706], [-73.22992, 6.18077], [-73.22366, 6.18759], [-73.21369, 6.19884], [-73.20722, 6.21272], [-73.20086, 6.23532], [-73.19501, 6.25254], [-73.19902, 6.2743], [-73.20303, 6.29606], [-73.19759, 6.29917], [-73.18496, 6.30408], [-73.18095, 6.30684], [-73.17294, 6.31235], [-73.1563, 6.32001], [-73.14911, 6.32182], [-73.1453, 6.31752], [-73.14068, 6.31692], [-73.13421, 6.30629], [-73.13554, 6.2972], [-73.13112, 6.28955], [-73.11499, 6.29184], [-73.10616, 6.30106], [-73.09558, 6.30896], [-73.08767, 6.32319], [-73.08408, 6.33635], [-73.08326, 6.34006], [-73.07956, 6.34448], [-73.07124, 6.34832], [-73.06231, 6.34881], [-73.04905, 6.35037], [-73.04474, 6.35145], [-73.02861, 6.35374], [-73.01834, 6.36332], [-72.99964, 6.368], [-72.99009, 6.36514], [-72.9866, 6.36251]]]}}, {"type": "Feature", "properties": {"codigo_dane": "68169", "municipio": "Charta"}, "geometry": {"type": "Polygon", "coordinates": [[[-73.00315, 7.23553], [-72.99627, 7.23901], [-72.97953, 7.23795], [-72.9673, 7.22876], [-72.95949, 7.22721], [-72.95024, 7.22602], [-72.94449, 7.22746], [-72.93812, 7.22556], [-72.92959, 7.21194], [-72.92291, 7.20836], [-72.91562, 7.20143], [-72.91099, 7.20084], [-72.90288, 7.19762], [-72.91726, 7.19401], [-72.91839, 7.19198], [-72.93072, 7.18539], [-72.94078, 7.18287], [-72.9526, 7.18166], [-72.96811, 7.17603], [-72.9828, 7.1741], [-72.99317, 7.17325], [-73.00273, 7.17611], [-73.01773, 7.17586], [-73.02337, 7.16569], [-73.02851, 7.1609], [-73.0319, 7.1548], [-73.03467, 7.14535], [-73.04381, 7.13781], [-73.05408, 7.12824], [-73.06466, 7.12033], [-73.07904, 7.11673], [-73.08829, 7.11792], [-73.08665, 7.12533], [-73.08326, 7.13143], [-73.08192, 7.14052], [-73.08234, 7.15092], [-73.08162, 7.16336], [-73.07166, 7.17461], [-73.05194, 7.19005], [-73.04455, 7.19891], [-73.03027, 7.21124], [-73.0162, 7.21651], [-73.00336, 7.22848], [-73.00315, 7.23553]]]}}, {"type": "Feature", "properties": {"codigo_dane": "68176", "municipio": "Chima"}, "geometry": {"type": "Polygon", "coordinates": [[[-73.50211, 6.38399], [-73.48372, 6.39034], [-73.48146, 6.39441], [-73.46841, 6.38892], [-73.45619, 6.37973], [-73.44766, 6.36611], [-73.44293, 6.35679], [-73.42587, 6.35406], [-73.41488, 6.35156], [-73.3969, 6.3438], [-73.38652, 6.34465], [-73.37933, 6.34645], [-73.36495, 6.35005], [-73.34852, 6.35067], [-73.33814, 6.35151], [-73.32859, 6.34865], [-73.32016, 6.34376], [-73.32118, 6.333], [-73.32509, 6.32152], [-73.32847, 6.31542], [-73.32929, 6.31171], [-73.33155, 6.30764], [-73.33494, 6.30154], [-73.34265, 6.29436], [-73.35261, 6.28311], [-73.35456, 6.27737], [-73.3562, 6.26995], [-73.35815, 6.26421], [-73.36503, 6.26074], [-73.37191, 6.25727], [-73.37417, 6.2532], [-73.38424, 6.25068], [-73.39513, 6.24445], [-73.40057, 6.24133], [-73.4054, 6.23487], [-73.42379, 6.25303], [-73.4276, 6.25733], [-73.44403, 6.25671], [-73.45728, 6.25515], [-73.46735, 6.25262], [-73.47115, 6.25693], [-73.47393, 6.27199], [-73.47784, 6.28502], [-73.47918, 6.30044], [-73.48041, 6.30713], [-73.48103, 6.31048], [-73.48874, 6.32781], [-73.4949, 6.33677], [-73.49337, 6.35291], [-73.48916, 6.36272], [-73.4982, 6.37096], [-73.50211, 6.38399]]]}}, {"type": "Feature", "properties": {"codigo_dane": "68179", "municipio": "Chipatá"}, "geometry": {"type": "Polygon", "coordinates": [[[-73.68457, 6.0354], [-73.6705, 6.04067], [-73.66249, 6.04618], [-73.64698, 6.05182], [-73.64112, 6.04453], [-73.63557, 6.03892], [-73.62571, 6.03438], [-73.61358, 6.03392], [-73.61091, 6.02758], [-73.56869, 6.0189], [-73.57321, 6.01076], [-73.58255, 5.99617], [-73.58625, 5.99174], [-73.59796, 5.9818], [-73.60484, 5.97833], [-73.60997, 5.97354], [-73.61254, 5.97115], [-73.61799, 5.96803], [-73.65425, 5.9607], [-73.65949, 5.96464], [-73.67418, 5.96272], [-73.69154, 5.96712], [-73.69863, 5.9811], [-73.69853, 5.99689], [-73.69268, 6.01411], [-73.68457, 6.0354]]]}}, {"type": "Feature", "properties": {"codigo_dane": "68190", "municipio": "Cimitarra"}, "geometry": {"type": "Polygon", "coordinates": [[[-74.18234, 6.57256], [-74.14833, 6.55131], [-74.14679, 6.54295], [-74.13651, 6.52801], [-74.1326, 6.51498], [-74.13014, 6.5016], [-74.13054, 6.48749], [-74.12643, 6.48151], [-74.14954, 6.45997], [-74.14594, 6.44861], [-74.12817, 6.45832], [-74.11636, 6.45952], [-74.11564, 6.44745], [-74.11635, 6.43501], [-74.11512, 6.42832], [-74.10864, 6.41769], [-74.09488, 6.42463], [-74.07557, 6.42597], [-74.0617, 6.42419], [-74.05338, 6.42802], [-74.05122, 6.44082], [-74.04445, 6.45302], [-74.03356, 6.45925], [-74.02677, 6.44694], [-74.02297, 6.44264], [-74.01249, 6.43476], [-74.00694, 6.42915], [-73.99954, 6.41349], [-73.99307, 6.40286], [-73.98372, 6.39294], [-73.97149, 6.38375], [-73.95505, 6.38436], [-73.92937, 6.38379], [-73.91581, 6.38369], [-73.89475, 6.38371], [-73.88663, 6.38049], [-73.8742, 6.37835], [-73.8669, 6.37142], [-73.86012, 6.35911], [-73.85334, 6.34681], [-73.8485, 6.32876], [-73.84624, 6.30831], [-73.8486, 6.28846], [-73.85188, 6.27364], [-73.85403, 6.26084], [-73.85475, 6.24841], [-73.85495, 6.24135], [-73.86173, 6.22915], [-73.86871, 6.20989], [-73.87662, 6.19566], [-73.88576, 6.18811], [-73.90096, 6.18081], [-73.91267, 6.17087], [-73.93044, 6.16117], [-73.94821, 6.15147], [-73.96886, 6.14104], [-73.98488, 6.13003], [-73.99659, 6.12009], [-74.01292, 6.11075], [-74.03244, 6.10236], [-74.05833, 6.09588], [-74.08359, 6.08605], [-74.10373, 6.08101], [-74.11893, 6.0737], [-74.13157, 6.06878], [-74.13958, 6.06327], [-74.14071, 6.06124], [-74.15971, 6.05823], [-74.21077, 6.0577], [-74.24025, 6.06257], [-74.28186, 6.06791], [-74.29922, 6.07232], [-74.32522, 6.07456], [-74.35336, 6.06401], [-74.4039, 6.04435], [-74.43955, 6.03368], [-74.44848, 6.03319], [-74.46667, 6.03389], [-74.49112, 6.02777], [-74.51187, 6.02607], [-74.53098, 6.03179], [-74.53909, 6.03501], [-74.56129, 6.05746], [-74.56016, 6.0595], [-74.55246, 6.06668], [-74.54475, 6.07386], [-74.52914, 6.09528], [-74.51518, 6.10928], [-74.50583, 6.12388], [-74.49166, 6.14493], [-74.47893, 6.16563], [-74.46917, 6.16983], [-74.45335, 6.17379], [-74.42921, 6.18158], [-74.425, 6.19139], [-74.42623, 6.19809], [-74.44134, 6.20656], [-74.45018, 6.22186], [-74.45028, 6.23058], [-74.4583, 6.24959], [-74.46621, 6.25986], [-74.46755, 6.27528], [-74.46827, 6.28736], [-74.47187, 6.29871], [-74.48277, 6.31699], [-74.47969, 6.32477], [-74.47743, 6.32884], [-74.47147, 6.33733], [-74.46182, 6.35025], [-74.45822, 6.36341], [-74.4457, 6.37705], [-74.43204, 6.39273], [-74.41827, 6.39968], [-74.39464, 6.40209], [-74.38376, 6.40832], [-74.37431, 6.41419], [-74.35058, 6.43238], [-74.33918, 6.44399], [-74.32654, 6.44891], [-74.31669, 6.46889], [-74.29389, 6.4921], [-74.2793, 6.50276], [-74.26379, 6.50839], [-74.2377, 6.52193], [-74.22199, 6.53462], [-74.20771, 6.54695], [-74.19117, 6.56335], [-74.18234, 6.57256]]]}}, {"type": "Feature", "properties": {"codigo_dane": "68207", "municipio": "Concepción"}, "geometry": {"type": "Polygon", "coordinates": [[[-72.50031, 6.92375], [-72.5041, 6.90354], [-72.49526, 6.88825], [-72.49372, 6.87988], [-72.49269, 6.86613], [-72.49115, 6.85776], [-72.486, 6.83804], [-72.48292, 6.8213], [-72.48445, 6.80516], [-72.48342, 6.79141], [-72.48476, 6.78232], [-72.48722, 6.7712], [-72.48855, 6.76211], [-72.48968, 6.76008], [-72.49461, 6.76235], [-72.50674, 6.76281], [-72.52379, 6.76555], [-72.53828, 6.77067], [-72.5619, 6.76826], [-72.5766, 6.76633], [-72.58019, 6.75317], [-72.59364, 6.74455], [-72.60083, 6.74275], [-72.60761, 6.73055], [-72.61244, 6.72409], [-72.62302, 6.71619], [-72.63052, 6.71606], [-72.63514, 6.71665], [-72.64901, 6.71843], [-72.66462, 6.72152], [-72.67901, 6.71792], [-72.70973, 6.72949], [-72.7164, 6.73307], [-72.72257, 6.74203], [-72.73048, 6.7523], [-72.73747, 6.75756], [-72.74446, 6.76281], [-72.75227, 6.76436], [-72.75976, 6.76423], [-72.74775, 6.77249], [-72.75248, 6.78181], [-72.75145, 6.79257], [-72.74806, 6.79868], [-72.74529, 6.80812], [-72.7417, 6.82128], [-72.738, 6.82571], [-72.72958, 6.82081], [-72.71684, 6.817], [-72.70379, 6.81151], [-72.6893, 6.80639], [-72.68211, 6.80819], [-72.66301, 6.82698], [-72.64226, 6.82867], [-72.63671, 6.82306], [-72.61873, 6.81531], [-72.61102, 6.82249], [-72.59397, 6.81976], [-72.54795, 6.83128], [-72.54703, 6.85077], [-72.54293, 6.86931], [-72.53841, 6.87744], [-72.53564, 6.88689], [-72.55321, 6.90875], [-72.55064, 6.91114], [-72.53996, 6.91032], [-72.5342, 6.91176], [-72.52845, 6.9132], [-72.52588, 6.91559], [-72.51726, 6.91775], [-72.5115, 6.9192], [-72.50781, 6.92362], [-72.50031, 6.92375]]]}}, {"type": "Feature", "properties": {"codigo_dane": "68209", "municipio": "Confines"}, "geometry": {"type": "Polygon", "coordinates": [[[-73.21034, 6.352], [-73.15775, 6.36867], [-73.15682, 6.36365], [-73.15035, 6.35302], [-73.15024, 6.34429], [-73.15045, 6.33724], [-73.14859, 6.3272], [-73.14911, 6.32182], [-73.1563, 6.32001], [-73.17294, 6.31235], [-73.18095, 6.30684], [-73.18496, 6.30408], [-73.19759, 6.29917], [-73.20303, 6.29606], [-73.2091, 6.29629], [-73.22584, 6.29735], [-73.23396, 6.30057], [-73.24896, 6.30031], [-73.25327, 6.29923], [-73.24618, 6.30976], [-73.24249, 6.31419], [-73.22996, 6.32783], [-73.22626, 6.33226], [-73.21887, 6.34111], [-73.2126, 6.34794], [-73.21003, 6.35033], [-73.21034, 6.352]]]}}, {"type": "Feature", "properties": {"codigo_dane": "68211", "municipio": "Contratación"}, "geometry": {"type": "Polygon", "coordinates": [[[-73.48041, 6.30713], [-73.47918, 6.30044], [-73.47784, 6.28502], [-73.47393, 6.27199], [-73.47115, 6.25693], [-73.46735, 6.25262], [-73.45728, 6.25515], [-73.44403, 6.25671], [-73.4276, 6.25733], [-73.42379, 6.25303], [-73.4054, 6.23487], [-73.41341, 6.22937], [-73.4283, 6.22038], [-73.4359, 6.20447], [-73.44011, 6.19467], [-73.4435, 6.18856], [-73.4474, 6.17708], [-73.46538, 6.18484], [-73.48131, 6.1896], [-73.49271, 6.2025], [-73.49621, 6.20513], [-73.49908, 6.20441], [-73.50299, 6.21744], [-73.50371, 6.22951], [-73.507, 6.23919], [-73.52375, 6.24025], [-73.52775, 6.2375], [-73.53649, 6.24407], [-73.54029, 6.24837], [-73.53916, 6.2504], [-73.53177, 6.25925], [-73.52643, 6.2711], [-73.52078, 6.28127], [-73.49736, 6.30114], [-73.48041, 6.30713]]]}}, {"type": "Feature", "properties": {"codigo_dane": "68217", "municipio": "Coromoro"}, "geometry": {"type": "Polygon", "coordinates": [[[-72.89301, 6.37719], [-72.88972, 6.36751], [-72.90328, 6.34311], [-72.89516, 6.33989], [-72.88499, 6.33368], [-72.87019, 6.32688], [-72.86896, 6.32019], [-72.86135, 6.31159], [-72.85919, 6.29987], [-72.86484, 6.2897], [-72.86504, 6.28265], [-72.84603, 6.26115], [-72.84706, 6.25039], [-72.85127, 6.24058], [-72.85229, 6.22982], [-72.84407, 6.21787], [-72.84366, 6.20747], [-72.84735, 6.17853], [-72.85587, 6.16764], [-72.86152, 6.15747], [-72.87097, 6.1516], [-72.87179, 6.1479], [-72.87662, 6.14143], [-72.87949, 6.14071], [-72.8835, 6.13796], [-72.88607, 6.13557], [-72.89449, 6.14046], [-72.90723, 6.14427], [-72.91822, 6.14677], [-72.92398, 6.14533], [-72.93477, 6.15489], [-72.94658, 6.15368], [-72.95921, 6.14876], [-72.9739, 6.14684], [-72.98777, 6.14862], [-73.01089, 6.15158], [-73.034, 6.15455], [-73.05198, 6.1623], [-73.06647, 6.16743], [-73.08702, 6.17279], [-73.10099, 6.18329], [-73.09534, 6.19346], [-73.09134, 6.19622], [-73.09114, 6.20327], [-73.0933, 6.21498], [-73.09464, 6.23041], [-73.09412, 6.23579], [-73.08868, 6.2389], [-73.07717, 6.24178], [-73.07348, 6.24621], [-73.06331, 6.26451], [-73.05643, 6.26799], [-73.0479, 6.27888], [-73.04308, 6.28534], [-73.04052, 6.31224], [-73.03888, 6.31966], [-73.03159, 6.33724], [-73.01782, 6.34419], [-72.99594, 6.34792], [-72.9866, 6.36251], [-72.97797, 6.36467], [-72.96328, 6.3666], [-72.9414, 6.37033], [-72.91068, 6.38327], [-72.89301, 6.37719]]]}}, {"type": "Feature", "properties": {"codigo_dane": "68229", "municipio": "Curití"}, "geometry": {"type": "Polygon", "coordinates": [[[-73.12032, 6.63892], [-73.11457, 6.64036], [-73.10594, 6.64252], [-73.09669, 6.64134], [-73.0858, 6.64757], [-73.08282, 6.63956], [-73.07676, 6.63933], [-73.06341, 6.63216], [-73.05323, 6.62596], [-73.04419, 6.61772], [-73.03145, 6.6139], [-73.0222, 6.61272], [-73.0107, 6.6156], [-72.99344, 6.61992], [-72.9843, 6.62746], [-72.97896, 6.6393], [-72.9617, 6.64363], [-72.95, 6.65356], [-72.94743, 6.65596], [-72.94424, 6.655], [-72.93294, 6.65083], [-72.92595, 6.64558], [-72.92359, 6.64092], [-72.91023, 6.63376], [-72.91794, 6.62657], [-72.91958, 6.61916], [-72.9206, 6.6084], [-72.92769, 6.59787], [-72.94238, 6.59594], [-72.94988, 6.59581], [-72.96107, 6.59126], [-72.97227, 6.5867], [-72.98131, 6.57044], [-72.98695, 6.56027], [-72.98767, 6.54783], [-72.99157, 6.53635], [-73.00215, 6.52845], [-73.01191, 6.52425], [-73.03492, 6.51849], [-73.05383, 6.53126], [-73.0793, 6.53889], [-73.09399, 6.53696], [-73.10437, 6.53612], [-73.11136, 6.54137], [-73.11075, 6.56253], [-73.10849, 6.59111], [-73.11672, 6.60306], [-73.12339, 6.60664], [-73.12525, 6.61668], [-73.12247, 6.62613], [-73.12371, 6.63282], [-73.12032, 6.63892]]]}}, {"type": "Feature", "properties": {"codigo_dane": "68235", "municipio": "El Carmen de Chucurí"}, "geometry": {"type": "Polygon", "coordinates": [[[-73.72143, 6.74926], [-73.70931, 6.7488], [-73.69626, 6.74331], [-73.68034, 6.73855], [-73.67386, 6.72791], [-73.64273, 6.73045], [-73.63338, 6.72054], [-73.62793, 6.69914], [-73.61724, 6.67381], [-73.60789, 6.66389], [-73.59206, 6.64334], [-73.59011, 6.62458], [-73.59247, 6.60473], [-73.57418, 6.5953], [-73.53309, 6.60909], [-73.50844, 6.62227], [-73.49981, 6.62443], [-73.47957, 6.62074], [-73.46477, 6.61394], [-73.44474, 6.6032], [-73.43672, 6.5842], [-73.40291, 6.5559], [-73.40918, 6.54908], [-73.41308, 6.5376], [-73.4216, 6.52671], [-73.42982, 6.51414], [-73.43598, 6.49859], [-73.44388, 6.48436], [-73.44748, 6.4712], [-73.44881, 6.46212], [-73.46227, 6.45349], [-73.47552, 6.45193], [-73.48415, 6.44976], [-73.49596, 6.44856], [-73.51609, 6.44352], [-73.53078, 6.44159], [-73.55123, 6.43822], [-73.57866, 6.4401], [-73.59458, 6.44487], [-73.62026, 6.44544], [-73.63783, 6.44279], [-73.65858, 6.4411], [-73.67759, 6.43809], [-73.69608, 6.44046], [-73.70769, 6.44631], [-73.72824, 6.45167], [-73.75002, 6.46372], [-73.76492, 6.47925], [-73.75794, 6.49851], [-73.76452, 6.51787], [-73.76791, 6.53628], [-73.76546, 6.57191], [-73.7669, 6.59606], [-73.77708, 6.62678], [-73.78592, 6.64207], [-73.79435, 6.67148], [-73.80206, 6.6888], [-73.80936, 6.69573], [-73.79241, 6.70173], [-73.77864, 6.70867], [-73.76775, 6.7149], [-73.75985, 6.72914], [-73.73807, 6.7416], [-73.72143, 6.74926]]]}}, {"type": "Feature", "properties": {"codigo_dane": "68245", "municipio": "El Guacamayo"}, "geometry": {"type": "Polygon", "coordinates": [[[-73.54029, 6.24837], [-73.53649, 6.24407], [-73.52775, 6.2375], [-73.52375, 6.24025], [-73.507, 6.23919], [-73.50371, 6.22951], [-73.50299, 6.21744], [-73.49908, 6.20441], [-73.49621, 6.20513], [-73.49271, 6.2025], [-73.48131, 6.1896], [-73.46538, 6.18484], [-73.4474, 6.17708], [-73.44411, 6.1674], [-73.4553, 6.13834], [-73.45951, 6.12853], [-73.4705, 6.13103], [-73.47451, 6.12827], [-73.48694, 6.13041], [-73.49475, 6.13196], [-73.50317, 6.13685], [-73.51345, 6.15179], [-73.52537, 6.15931], [-73.53061, 6.16325], [-73.54284, 6.17244], [-73.56031, 6.18558], [-73.57777, 6.19871], [-73.59544, 6.20479], [-73.6013, 6.21208], [-73.59853, 6.22153], [-73.59802, 6.22691], [-73.59843, 6.23731], [-73.58179, 6.24498], [-73.56536, 6.24559], [-73.55149, 6.24381], [-73.5443, 6.24561], [-73.54029, 6.24837]]]}}, {"type": "Feature", "properties": {"codigo_dane": "68250", "municipio": "El Peñón"}, "geometry": {"type": "Polygon", "coordinates": [[[-73.8375, 5.8938], [-73.85825, 5.89211], [-73.88507, 5.89065], [-73.90674, 5.89397], [-73.90767, 5.89899], [-73.91661, 5.89851], [-73.92041, 5.90281], [-73.92483, 5.91045], [-73.94014, 5.91187], [-73.95914, 5.90886], [-73.98071, 5.90346], [-74.00434, 5.90105], [-74.02396, 5.90139], [-74.04297, 5.89838], [-74.06978, 5.89691], [-74.08416, 5.89331], [-74.09228, 5.89653], [-74.09413, 5.90657], [-74.08622, 5.92081], [-74.08407, 5.93361], [-74.08212, 5.93935], [-74.08335, 5.94604], [-74.08777, 5.95369], [-74.09332, 5.9593], [-74.09949, 5.96826], [-74.1261, 5.97386], [-74.12774, 5.99095], [-74.13402, 6.00864], [-74.12919, 6.0151], [-74.11532, 6.01332], [-74.10607, 6.01214], [-74.08943, 6.0198], [-74.0542, 6.04088], [-74.02606, 6.05143], [-73.99102, 6.04095], [-73.96739, 6.01885], [-73.95999, 6.0032], [-73.94406, 5.97392], [-73.92864, 5.96377], [-73.90121, 5.96189], [-73.84399, 5.95346], [-73.818, 5.95121], [-73.80546, 5.94035], [-73.8143, 5.93113], [-73.83289, 5.91772], [-73.84028, 5.90886], [-73.8375, 5.8938]]]}}, {"type": "Feature", "properties": {"codigo_dane": "68255", "municipio": "El Playón"}, "geometry": {"type": "Polygon", "coordinates": [[[-73.10647, 7.50205], [-73.09362, 7.48951], [-73.09598, 7.46966], [-73.10163, 7.45949], [-73.11775, 7.43269], [-73.12391, 7.41714], [-73.13007, 7.4016], [-73.12791, 7.38988], [-73.12575, 7.37817], [-73.12359, 7.36645], [-73.13293, 7.35185], [-73.14125, 7.34802], [-73.15933, 7.33999], [-73.17597, 7.33232], [-73.19775, 7.31987], [-73.22538, 7.3147], [-73.24357, 7.3154], [-73.25692, 7.32256], [-73.27306, 7.34478], [-73.29114, 7.33675], [-73.31497, 7.32728], [-73.3273, 7.3452], [-73.32289, 7.36206], [-73.30728, 7.38348], [-73.29886, 7.4031], [-73.31551, 7.41994], [-73.30667, 7.42915], [-73.30709, 7.43956], [-73.30329, 7.45977], [-73.28419, 7.47856], [-73.26179, 7.48767], [-73.24423, 7.49031], [-73.22522, 7.49332], [-73.21372, 7.4962], [-73.21166, 7.49322], [-73.19718, 7.48809], [-73.18968, 7.48822], [-73.17191, 7.49792], [-73.16615, 7.49936], [-73.14684, 7.5007], [-73.13646, 7.50154], [-73.11797, 7.49917], [-73.10647, 7.50205]]]}}, {"type": "Feature", "properties": {"codigo_dane": "68264", "municipio": "Encino"}, "geometry": {"type": "Polygon", "coordinates": [[[-73.10099, 6.18329], [-73.08702, 6.17279], [-73.06647, 6.16743], [-73.05198, 6.1623], [-73.034, 6.15455], [-73.01089, 6.15158], [-72.98777, 6.14862], [-72.9739, 6.14684], [-72.95921, 6.14876], [-72.94658, 6.15368], [-72.93477, 6.15489], [-72.92398, 6.14533], [-72.91822, 6.14677], [-72.90723, 6.14427], [-72.89449, 6.14046], [-72.88607, 6.13557], [-72.89223, 6.12002], [-72.89767, 6.1169], [-72.90301, 6.10506], [-72.90814, 6.10027], [-72.91328, 6.09549], [-72.91954, 6.08866], [-72.92581, 6.08184], [-72.93156, 6.0804], [-72.93814, 6.07525], [-72.9407, 6.07286], [-72.94553, 6.0664], [-72.95005, 6.05827], [-72.95313, 6.05049], [-72.95939, 6.04367], [-72.96247, 6.03589], [-72.96617, 6.03147], [-72.96699, 6.02776], [-72.9675, 6.02238], [-72.97859, 6.0091], [-72.98435, 6.00766], [-72.9938, 6.00179], [-73.00037, 5.99664], [-73.00725, 5.99317], [-73.00807, 5.98946], [-73.01321, 5.98467], [-73.01752, 5.98359], [-73.02677, 5.98478], [-73.03365, 5.9813], [-73.05553, 5.97757], [-73.06447, 5.97709], [-73.07978, 5.97851], [-73.08584, 5.97874], [-73.09334, 5.97861], [-73.10084, 5.97848], [-73.11234, 5.9756], [-73.11953, 5.9738], [-73.12529, 5.97236], [-73.13453, 5.97355], [-73.13916, 5.97414], [-73.14552, 5.97605], [-73.14727, 5.97736], [-73.15046, 5.97831], [-73.16001, 5.98117], [-73.14502, 6.00594], [-73.14399, 6.0167], [-73.13896, 6.03022], [-73.1288, 6.04852], [-73.12449, 6.07411], [-73.12377, 6.08654], [-73.12429, 6.10567], [-73.12471, 6.11607], [-73.1166, 6.13737], [-73.11639, 6.14442], [-73.11506, 6.15351], [-73.10849, 6.15866], [-73.10633, 6.17145], [-73.10099, 6.18329]]]}}, {"type": "Feature", "properties": {"codigo_dane": "68266", "municipio": "Enciso"}, "geometry": {"type": "Polygon", "coordinates": [[[-72.70973, 6.72949], [-72.67901, 6.71792], [-72.66462, 6.72152], [-72.64901, 6.71843], [-72.63514, 6.71665], [-72.63052, 6.71606], [-72.62302, 6.71619], [-72.61921, 6.71189], [-72.61973, 6.7065], [-72.62394, 6.6967], [-72.62928, 6.68485], [-72.63985, 6.67695], [-72.64519, 6.66511], [-72.64447, 6.65304], [-72.64406, 6.64263], [-72.64806, 6.63988], [-72.65495, 6.63641], [-72.66491, 6.62516], [-72.66891, 6.6224], [-72.68905, 6.61736], [-72.69162, 6.61497], [-72.69706, 6.61185], [-72.70363, 6.60671], [-72.70651, 6.60598], [-72.71052, 6.60323], [-72.71945, 6.60274], [-72.71668, 6.61219], [-72.71709, 6.62259], [-72.71833, 6.62929], [-72.71956, 6.63598], [-72.71967, 6.64471], [-72.71947, 6.65176], [-72.71926, 6.65882], [-72.71937, 6.66755], [-72.71855, 6.67125], [-72.71803, 6.67663], [-72.71752, 6.68201], [-72.70973, 6.72949]]]}}, {"type": "Feature", "properties": {"codigo_dane": "68271", "municipio": "Florián"}, "geometry": {"type": "Polygon", "coordinates": [[[-73.90013, 5.72755], [-73.91071, 5.71965], [-73.91861, 5.70541], [-73.92549, 5.70194], [-73.94183, 5.69259], [-73.94593, 5.67406], [-73.96021, 5.66173], [-73.96647, 5.65491], [-73.99082, 5.64006], [-73.99544, 5.64065], [-73.99524, 5.6477], [-73.9977, 5.66109], [-74.00788, 5.6673], [-74.01599, 5.67052], [-74.01579, 5.67757], [-74.01559, 5.68463], [-74.02925, 5.69346], [-74.05206, 5.69475], [-74.06962, 5.69211], [-74.08894, 5.69077], [-74.09993, 5.69327], [-74.10466, 5.70259], [-74.10507, 5.71299], [-74.10549, 5.72339], [-74.11247, 5.72865], [-74.12234, 5.73318], [-74.07827, 5.73897], [-74.06276, 5.7446], [-74.04355, 5.75466], [-74.02588, 5.74858], [-74.02382, 5.7456], [-73.99269, 5.74814], [-73.96599, 5.75833], [-73.94708, 5.74555], [-73.93742, 5.73397], [-73.92869, 5.7274], [-73.9065, 5.72946], [-73.90013, 5.72755]]]}}, {"type": "Feature", "properties": {"codigo_dane": "68276", "municipio": "Floridablanca"}, "geometry": {"type": "Polygon", "coordinates": [[[-73.06177, 7.07203], [-73.05972, 7.06905], [-73.0514, 7.07288], [-73.0439, 7.07301], [-73.03896, 7.07074], [-73.03187, 7.05676], [-73.02745, 7.04911], [-73.0219, 7.0435], [-73.02016, 7.04219], [-73.033, 7.03022], [-73.03084, 7.0185], [-73.04111, 7.00893], [-73.04901, 6.99469], [-73.05702, 6.98918], [-73.06935, 6.98259], [-73.08681, 6.97122], [-73.08496, 6.96118], [-73.09472, 6.95698], [-73.10766, 6.95374], [-73.11311, 6.95063], [-73.12112, 6.94512], [-73.13057, 6.93925], [-73.13961, 6.94749], [-73.14177, 6.95921], [-73.14393, 6.97092], [-73.14846, 6.9873], [-73.14014, 6.99113], [-73.13038, 6.99532], [-73.12391, 7.0092], [-73.11528, 7.01136], [-73.10963, 7.02153], [-73.09453, 7.03757], [-73.08395, 7.04547], [-73.07594, 7.05098], [-73.06722, 7.06892], [-73.06177, 7.07203]]]}}, {"type": "Feature", "properties": {"codigo_dane": "68296", "municipio": "Galán"}, "geometry": {"type": "Polygon", "coordinates": [[[-73.26538, 6.63411], [-73.26815, 6.62466], [-73.2701, 6.61892], [-73.26968, 6.60852], [-73.27564, 6.60003], [-73.27903, 6.59393], [-73.28129, 6.58986], [-73.28293, 6.58244], [-73.28601, 6.57467], [-73.29197, 6.56617], [-73.29782, 6.54895], [-73.30285, 6.53544], [-73.30038, 6.52205], [-73.29616, 6.50735], [-73.29256, 6.49599], [-73.30458, 6.48773], [-73.31794, 6.49489], [-73.31804, 6.50362], [-73.31795, 6.5194], [-73.31836, 6.5298], [-73.33172, 6.53696], [-73.34846, 6.53802], [-73.36562, 6.54948], [-73.38267, 6.55221], [-73.40291, 6.5559], [-73.40004, 6.58113], [-73.39665, 6.58723], [-73.39419, 6.59835], [-73.39697, 6.61341], [-73.40057, 6.62477], [-73.39379, 6.63697], [-73.37951, 6.6493], [-73.39123, 6.66387], [-73.38856, 6.68205], [-73.38066, 6.69629], [-73.37583, 6.70275], [-73.3671, 6.69618], [-73.35456, 6.68531], [-73.34059, 6.67481], [-73.31603, 6.64769], [-73.30256, 6.6318], [-73.28438, 6.6311], [-73.26538, 6.63411]]]}}, {"type": "Feature", "properties": {"codigo_dane": "68298", "municipio": "Gámbita"}, "geometry": {"type": "Polygon", "coordinates": [[[-73.22515, 5.99988], [-73.21785, 5.99295], [-73.21343, 5.9853], [-73.20963, 5.981], [-73.21446, 5.97454], [-73.22031, 5.95732], [-73.22277, 5.9462], [-73.22698, 5.93639], [-73.23088, 5.92491], [-73.23283, 5.91917], [-73.23673, 5.90768], [-73.24012, 5.90158], [-73.24557, 5.89847], [-73.25758, 5.89021], [-73.26518, 5.8743], [-73.26651, 5.86521], [-73.27216, 5.85504], [-73.27874, 5.84989], [-73.2888, 5.84737], [-73.29394, 5.84259], [-73.304, 5.84006], [-73.31982, 5.8361], [-73.32989, 5.83358], [-73.33996, 5.83106], [-73.34715, 5.82926], [-73.35886, 5.81932], [-73.36256, 5.8149], [-73.36451, 5.80916], [-73.36646, 5.80341], [-73.36573, 5.79134], [-73.36625, 5.78596], [-73.36676, 5.78058], [-73.3796, 5.76861], [-73.38863, 5.75234], [-73.39089, 5.74827], [-73.39397, 5.7405], [-73.39911, 5.73571], [-73.40866, 5.73857], [-73.41709, 5.74346], [-73.41914, 5.74645], [-73.42182, 5.75278], [-73.42418, 5.75744], [-73.4248, 5.76079], [-73.42891, 5.76677], [-73.43364, 5.77609], [-73.43538, 5.7774], [-73.44288, 5.77727], [-73.44987, 5.78253], [-73.45192, 5.78551], [-73.45603, 5.79149], [-73.46015, 5.79746], [-73.46426, 5.80344], [-73.46775, 5.80606], [-73.47186, 5.81204], [-73.47279, 5.81706], [-73.47402, 5.82375], [-73.45728, 5.82269], [-73.44588, 5.8343], [-73.44423, 5.84172], [-73.44341, 5.84542], [-73.44372, 5.8471], [-73.44115, 5.84949], [-73.43715, 5.85224], [-73.42626, 5.85847], [-73.42349, 5.86792], [-73.41753, 5.87642], [-73.41332, 5.88622], [-73.40593, 5.89508], [-73.40121, 5.91027], [-73.3896, 5.92893], [-73.38621, 5.93503], [-73.3817, 5.94317], [-73.38005, 5.95058], [-73.38715, 5.96456], [-73.39475, 5.97316], [-73.39886, 5.97914], [-73.40472, 5.98642], [-73.4114, 5.99], [-73.41232, 5.99503], [-73.36938, 5.99878], [-73.35613, 6.00034], [-73.33507, 6.00036], [-73.32007, 6.00062], [-73.31093, 6.00816], [-73.30117, 6.01236], [-73.28812, 6.00687], [-73.28114, 6.00162], [-73.26953, 5.99577], [-73.25679, 5.99196], [-73.24035, 5.99257], [-73.22772, 5.99748], [-73.22515, 5.99988]]]}}, {"type": "Feature", "properties": {"codigo_dane": "68307", "municipio": "Girón"}, "geometry": {"type": "Polygon", "coordinates": [[[-73.21691, 7.11372], [-73.21085, 7.11349], [-73.20622, 7.1129], [-73.20047, 7.11434], [-73.19616, 7.11542], [-73.19328, 7.11614], [-73.18722, 7.1159], [-73.18434, 7.11663], [-73.18198, 7.11196], [-73.18413, 7.09917], [-73.183, 7.07669], [-73.18617, 7.05314], [-73.19346, 7.03555], [-73.18976, 7.01547], [-73.1876, 7.00376], [-73.18349, 6.99778], [-73.17106, 6.99564], [-73.16243, 6.9978], [-73.15431, 6.99458], [-73.14846, 6.9873], [-73.14393, 6.97092], [-73.14177, 6.95921], [-73.13961, 6.94749], [-73.13057, 6.93925], [-73.13077, 6.9322], [-73.13098, 6.92514], [-73.12512, 6.91785], [-73.11813, 6.9126], [-73.1172, 6.90758], [-73.11391, 6.8979], [-73.1133, 6.89455], [-73.1172, 6.88307], [-73.12141, 6.87326], [-73.11812, 6.86358], [-73.11319, 6.86131], [-73.11277, 6.85091], [-73.11411, 6.84182], [-73.1291, 6.84157], [-73.14462, 6.83593], [-73.15294, 6.8321], [-73.16269, 6.82791], [-73.17071, 6.8224], [-73.17728, 6.81725], [-73.18272, 6.81414], [-73.18991, 6.81234], [-73.19598, 6.81257], [-73.2006, 6.81316], [-73.20841, 6.81471], [-73.21334, 6.81697], [-73.21601, 6.82331], [-73.22012, 6.82928], [-73.23122, 6.84051], [-73.24365, 6.84265], [-73.24519, 6.85102], [-73.24417, 6.86178], [-73.24376, 6.87589], [-73.25137, 6.88449], [-73.26627, 6.90002], [-73.27757, 6.90419], [-73.29062, 6.90968], [-73.30305, 6.91182], [-73.31291, 6.91635], [-73.32277, 6.92088], [-73.33613, 6.92804], [-73.34404, 6.93832], [-73.36202, 6.94607], [-73.37939, 6.95048], [-73.38956, 6.95668], [-73.39973, 6.96289], [-73.41483, 6.97136], [-73.42757, 6.97518], [-73.43857, 6.97768], [-73.45336, 6.98448], [-73.4661, 6.98829], [-73.48285, 6.98935], [-73.4962, 6.99651], [-73.51788, 6.99983], [-73.53463, 7.00089], [-73.54624, 7.00674], [-73.55517, 7.00625], [-73.56154, 7.00816], [-73.56935, 7.0097], [-73.57747, 7.01292], [-73.59052, 7.01841], [-73.60151, 7.02091], [-73.61713, 7.024], [-73.59576, 7.04686], [-73.58282, 7.0501], [-73.57368, 7.05764], [-73.56793, 7.05908], [-73.55735, 7.06699], [-73.54851, 7.0762], [-73.53794, 7.0841], [-73.52592, 7.09237], [-73.51308, 7.10433], [-73.50219, 7.11056], [-73.49274, 7.11643], [-73.48442, 7.12027], [-73.47816, 7.12709], [-73.47384, 7.12817], [-73.46778, 7.12793], [-73.46408, 7.13236], [-73.45247, 7.12652], [-73.44662, 7.11923], [-73.43583, 7.10967], [-73.42411, 7.0951], [-73.41414, 7.08184], [-73.40705, 7.06786], [-73.38979, 7.04767], [-73.37407, 7.03585], [-73.338, 7.01161], [-73.32228, 6.99979], [-73.29526, 6.9838], [-73.28847, 6.97149], [-73.29649, 6.96598], [-73.30213, 6.95581], [-73.29134, 6.94626], [-73.27511, 6.93982], [-73.25888, 6.93338], [-73.24357, 6.93196], [-73.22888, 6.93389], [-73.22673, 6.94669], [-73.22457, 6.95948], [-73.22715, 6.9816], [-73.22797, 7.0024], [-73.22839, 7.0128], [-73.21217, 7.05538], [-73.21299, 7.07618], [-73.21433, 7.09161], [-73.21536, 7.10535], [-73.21691, 7.11372]]]}}, {"type": "Feature", "properties": {"codigo_dane": "68318", "municipio": "Guaca"}, "geometry": {"type": "Polygon", "coordinates": [[[-72.76301, 6.98577], [-72.75088, 6.9608], [-72.74533, 6.95518], [-72.7481, 6.94574], [-72.74912, 6.93498], [-72.74471, 6.92733], [-72.74409, 6.92398], [-72.75261, 6.91309], [-72.76083, 6.90053], [-72.77048, 6.88761], [-72.79051, 6.87384], [-72.80766, 6.86079], [-72.81557, 6.84655], [-72.82748, 6.82956], [-72.83488, 6.82071], [-72.85008, 6.8134], [-72.87597, 6.80692], [-72.88829, 6.80033], [-72.88737, 6.79531], [-72.89188, 6.78717], [-72.89476, 6.78645], [-72.90626, 6.78357], [-72.91346, 6.78177], [-72.92208, 6.77961], [-72.93277, 6.78043], [-72.94058, 6.78198], [-72.94582, 6.78592], [-72.94068, 6.79071], [-72.93411, 6.79586], [-72.92497, 6.8034], [-72.92507, 6.81213], [-72.90854, 6.82852], [-72.90628, 6.83259], [-72.88553, 6.8588], [-72.88461, 6.87828], [-72.87681, 6.90125], [-72.87589, 6.92074], [-72.85854, 6.94084], [-72.85412, 6.9577], [-72.85464, 6.97683], [-72.85865, 6.99859], [-72.86513, 7.00922], [-72.8605, 7.00863], [-72.84725, 7.0102], [-72.83831, 7.01069], [-72.82619, 7.01022], [-72.81119, 7.01047], [-72.80883, 7.00581], [-72.80585, 6.99781], [-72.79948, 6.9959], [-72.78643, 6.99041], [-72.77801, 6.98552], [-72.76301, 6.98577]]]}}, {"type": "Feature", "properties": {"codigo_dane": "68320", "municipio": "Guadalupe"}, "geometry": {"type": "Polygon", "coordinates": [[[-73.37417, 6.2532], [-73.37376, 6.2428], [-73.37622, 6.23167], [-73.36954, 6.22809], [-73.35906, 6.22021], [-73.35547, 6.20886], [-73.34036, 6.20039], [-73.33656, 6.19609], [-73.32628, 6.18115], [-73.32525, 6.1674], [-73.33008, 6.16094], [-73.34137, 6.1406], [-73.34014, 6.13391], [-73.33829, 6.12387], [-73.35298, 6.12194], [-73.35873, 6.1205], [-73.37106, 6.11391], [-73.38081, 6.10972], [-73.39294, 6.11018], [-73.41523, 6.11686], [-73.43917, 6.11611], [-73.45149, 6.10953], [-73.46136, 6.11406], [-73.47071, 6.12397], [-73.4705, 6.13103], [-73.45951, 6.12853], [-73.4553, 6.13834], [-73.44411, 6.1674], [-73.4474, 6.17708], [-73.4435, 6.18856], [-73.44011, 6.19467], [-73.4359, 6.20447], [-73.4283, 6.22038], [-73.41341, 6.22937], [-73.4054, 6.23487], [-73.40057, 6.24133], [-73.39513, 6.24445], [-73.38424, 6.25068], [-73.37417, 6.2532]]]}}, {"type": "Feature", "properties": {"codigo_dane": "68322", "municipio": "Guapotá"}, "geometry": {"type": "Polygon", "coordinates": [[[-73.25327, 6.29923], [-73.25604, 6.28978], [-73.25974, 6.28536], [-73.26795, 6.27279], [-73.27905, 6.25951], [-73.29075, 6.24958], [-73.30164, 6.24335], [-73.31921, 6.2407], [-73.34808, 6.24222], [-73.37376, 6.2428], [-73.37417, 6.2532], [-73.37191, 6.25727], [-73.36503, 6.26074], [-73.35815, 6.26421], [-73.3562, 6.26995], [-73.35456, 6.27737], [-73.35261, 6.28311], [-73.34265, 6.29436], [-73.33494, 6.30154], [-73.33155, 6.30764], [-73.32929, 6.31171], [-73.32847, 6.31542], [-73.31399, 6.31029], [-73.30587, 6.30707], [-73.29601, 6.30254], [-73.28245, 6.30243], [-73.2732, 6.30124], [-73.25728, 6.29648], [-73.25327, 6.29923]]]}}, {"type": "Feature", "properties": {"codigo_dane": "68324", "municipio": "Guavatá"}, "geometry": {"type": "Polygon", "coordinates": [[[-73.74473, 5.88027], [-73.73744, 5.89785], [-73.73498, 5.90897], [-73.73221, 5.91842], [-73.73201, 5.92547], [-73.71608, 5.92071], [-73.68773, 5.9138], [-73.67807, 5.90221], [-73.66522, 5.88967], [-73.65094, 5.87749], [-73.66028, 5.8629], [-73.67405, 5.85595], [-73.67949, 5.85283], [-73.68483, 5.84099], [-73.69079, 5.8325], [-73.71287, 5.82171], [-73.71955, 5.82529], [-73.72417, 5.82589], [-73.74092, 5.82695], [-73.73959, 5.83603], [-73.73219, 5.84489], [-73.72541, 5.85709], [-73.7247, 5.86953], [-73.74473, 5.88027]]]}}, {"type": "Feature", "properties": {"codigo_dane": "68327", "municipio": "Güepsa"}, "geometry": {"type": "Polygon", "coordinates": [[[-73.56869, 6.0189], [-73.55851, 6.01269], [-73.55132, 6.01449], [-73.54834, 6.00648], [-73.54567, 6.00015], [-73.55039, 5.98496], [-73.55892, 5.97407], [-73.56282, 5.96259], [-73.56826, 5.95948], [-73.57596, 5.9523], [-73.58285, 5.94882], [-73.58911, 5.942], [-73.59086, 5.94331], [-73.59754, 5.94689], [-73.61141, 5.94867], [-73.61315, 5.94999], [-73.61737, 5.96469], [-73.61799, 5.96803], [-73.61254, 5.97115], [-73.60997, 5.97354], [-73.60484, 5.97833], [-73.59796, 5.9818], [-73.58625, 5.99174], [-73.58255, 5.99617], [-73.57321, 6.01076], [-73.56869, 6.0189]]]}}, {"type": "Feature", "properties": {"codigo_dane": "68344", "municipio": "Hato"}, "geometry": {"type": "Polygon", "coordinates": [[[-73.30458, 6.48773], [-73.30653, 6.48199], [-73.30817, 6.47457], [-73.30375, 6.46693], [-73.30653, 6.45748], [-73.31166, 6.45269], [-73.31567, 6.44994], [-73.31936, 6.44551], [-73.31669, 6.43917], [-73.31351, 6.43822], [-73.32039, 6.43475], [-73.32902, 6.43259], [-73.34083, 6.43138], [-73.34802, 6.42958], [-73.37669, 6.43816], [-73.39929, 6.4465], [-73.41994, 6.46059], [-73.42621, 6.45377], [-73.44449, 6.43869], [-73.45487, 6.43784], [-73.46247, 6.44644], [-73.46227, 6.45349], [-73.44881, 6.46212], [-73.44748, 6.4712], [-73.44388, 6.48436], [-73.43598, 6.49859], [-73.42982, 6.51414], [-73.4216, 6.52671], [-73.41308, 6.5376], [-73.40918, 6.54908], [-73.40291, 6.5559], [-73.38267, 6.55221], [-73.36562, 6.54948], [-73.34846, 6.53802], [-73.33172, 6.53696], [-73.31836, 6.5298], [-73.31795, 6.5194], [-73.31804, 6.50362], [-73.31794, 6.49489], [-73.30458, 6.48773]]]}}, {"type": "Feature", "properties": {"codigo_dane": "68368", "municipio": "Jesús María"}, "geometry": {"type": "Polygon", "coordinates": [[[-73.89204, 5.82237], [-73.87303, 5.82538], [-73.84591, 5.82517], [-73.82978, 5.82745], [-73.76578, 5.83123], [-73.7476, 5.83053], [-73.74472, 5.83125], [-73.74092, 5.82695], [-73.74009, 5.80614], [-73.74142, 5.79706], [-73.74337, 5.79131], [-73.76772, 5.77646], [-73.78405, 5.76712], [-73.79751, 5.7585], [-73.80665, 5.75096], [-73.81784, 5.7464], [-73.82503, 5.7446], [-73.8388, 5.73765], [-73.84568, 5.73418], [-73.85657, 5.72795], [-73.87526, 5.72327], [-73.8955, 5.72696], [-73.90013, 5.72755], [-73.88523, 5.73653], [-73.87722, 5.74204], [-73.86808, 5.74958], [-73.86849, 5.75998], [-73.87713, 5.78233], [-73.89059, 5.79822], [-73.89193, 5.81364], [-73.89204, 5.82237]]]}}, {"type": "Feature", "properties": {"codigo_dane": "68370", "municipio": "Jordán"}, "geometry": {"type": "Polygon", "coordinates": [[[-73.06681, 6.69959], [-73.05746, 6.68968], [-73.05253, 6.68741], [-73.04831, 6.67271], [-73.06064, 6.66612], [-73.06495, 6.66504], [-73.08047, 6.65941], [-73.0856, 6.65462], [-73.0858, 6.64757], [-73.09669, 6.64134], [-73.10594, 6.64252], [-73.11457, 6.64036], [-73.12032, 6.63892], [-73.13162, 6.6431], [-73.14118, 6.64596], [-73.1496, 6.65085], [-73.14889, 6.66328], [-73.14118, 6.67047], [-73.13831, 6.67119], [-73.13112, 6.67299], [-73.11273, 6.67934], [-73.08859, 6.68714], [-73.07195, 6.69481], [-73.06681, 6.69959]]]}}, {"type": "Feature", "properties": {"codigo_dane": "68377", "municipio": "La Belleza"}, "geometry": {"type": "Polygon", "coordinates": [[[-74.14189, 5.87185], [-74.14035, 5.86349], [-74.13521, 5.84376], [-74.1201, 5.83529], [-74.09154, 5.83544], [-74.07675, 5.82864], [-74.05939, 5.82423], [-74.02364, 5.82618], [-74.00432, 5.82752], [-73.96775, 5.83317], [-73.94875, 5.83618], [-73.93406, 5.83811], [-73.9093, 5.84256], [-73.90468, 5.84196], [-73.8942, 5.83408], [-73.89204, 5.82237], [-73.89193, 5.81364], [-73.89059, 5.79822], [-73.87713, 5.78233], [-73.86849, 5.75998], [-73.86808, 5.74958], [-73.87722, 5.74204], [-73.88523, 5.73653], [-73.90013, 5.72755], [-73.9065, 5.72946], [-73.92869, 5.7274], [-73.93742, 5.73397], [-73.94708, 5.74555], [-73.96599, 5.75833], [-73.99269, 5.74814], [-74.02382, 5.7456], [-74.02588, 5.74858], [-74.04355, 5.75466], [-74.06276, 5.7446], [-74.07827, 5.73897], [-74.12234, 5.73318], [-74.13045, 5.7364], [-74.15038, 5.73841], [-74.16251, 5.73888], [-74.17319, 5.73971], [-74.18336, 5.74591], [-74.19353, 5.75212], [-74.20134, 5.75367], [-74.18111, 5.77449], [-74.17618, 5.79673], [-74.17188, 5.82232], [-74.16767, 5.83213], [-74.15976, 5.84637], [-74.15103, 5.86431], [-74.14189, 5.87185]]]}}, {"type": "Feature", "properties": {"codigo_dane": "68385", "municipio": "Landázuri"}, "geometry": {"type": "Polygon", "coordinates": [[[-73.8742, 6.37835], [-73.86824, 6.38684], [-73.8629, 6.39869], [-73.86003, 6.39941], [-73.84575, 6.38723], [-73.82427, 6.37685], [-73.80948, 6.37005], [-73.78338, 6.35907], [-73.7652, 6.35837], [-73.74259, 6.35003], [-73.73386, 6.34346], [-73.7317, 6.33175], [-73.73025, 6.3076], [-73.72943, 6.28679], [-73.72634, 6.27006], [-73.72469, 6.25296], [-73.73229, 6.23705], [-73.74903, 6.2136], [-73.76557, 6.1972], [-73.77573, 6.1789], [-73.77532, 6.1685], [-73.76966, 6.15416], [-73.76976, 6.13838], [-73.77561, 6.12115], [-73.78013, 6.11302], [-73.78989, 6.10882], [-73.80653, 6.10115], [-73.83355, 6.09264], [-73.86251, 6.07838], [-73.87053, 6.07287], [-73.90494, 6.08001], [-73.93381, 6.08154], [-73.96268, 6.08306], [-73.9823, 6.0834], [-74.01086, 6.08325], [-74.03562, 6.0788], [-74.06746, 6.06383], [-74.0953, 6.0516], [-74.10701, 6.04167], [-74.12539, 6.03531], [-74.13361, 6.04726], [-74.14071, 6.06124], [-74.13958, 6.06327], [-74.13157, 6.06878], [-74.11893, 6.0737], [-74.10373, 6.08101], [-74.08359, 6.08605], [-74.05833, 6.09588], [-74.03244, 6.10236], [-74.01292, 6.11075], [-73.99659, 6.12009], [-73.98488, 6.13003], [-73.96886, 6.14104], [-73.94821, 6.15147], [-73.93044, 6.16117], [-73.91267, 6.17087], [-73.90096, 6.18081], [-73.88576, 6.18811], [-73.87662, 6.19566], [-73.86871, 6.20989], [-73.86173, 6.22915], [-73.85495, 6.24135], [-73.85475, 6.24841], [-73.85403, 6.26084], [-73.85188, 6.27364], [-73.8486, 6.28846], [-73.84624, 6.30831], [-73.8485, 6.32876], [-73.85334, 6.34681], [-73.86012, 6.35911], [-73.8669, 6.37142], [-73.8742, 6.37835]]]}}, {"type": "Feature", "properties": {"codigo_dane": "68397", "municipio": "La Paz"}, "geometry": {"type": "Polygon", "coordinates": [[[-73.68433, 6.27883], [-73.67159, 6.27501], [-73.66901, 6.2529], [-73.66644, 6.23078], [-73.66911, 6.21261], [-73.66695, 6.20089], [-73.64958, 6.19648], [-73.6013, 6.21208], [-73.59544, 6.20479], [-73.57777, 6.19871], [-73.56031, 6.18558], [-73.54284, 6.17244], [-73.53061, 6.16325], [-73.52537, 6.15931], [-73.51345, 6.15179], [-73.52403, 6.14389], [-73.5306, 6.13874], [-73.54457, 6.12473], [-73.54755, 6.10823], [-73.54713, 6.09783], [-73.54847, 6.08874], [-73.5498, 6.07965], [-73.55113, 6.07057], [-73.55021, 6.06555], [-73.55123, 6.05478], [-73.55174, 6.0494], [-73.5577, 6.04091], [-73.56222, 6.03277], [-73.56674, 6.02464], [-73.56869, 6.0189], [-73.61091, 6.02758], [-73.61358, 6.03392], [-73.62571, 6.03438], [-73.63557, 6.03892], [-73.64112, 6.04453], [-73.64698, 6.05182], [-73.66249, 6.04618], [-73.6705, 6.04067], [-73.68457, 6.0354], [-73.68837, 6.0397], [-73.69115, 6.05476], [-73.69362, 6.06815], [-73.69239, 6.08597], [-73.69497, 6.10808], [-73.70329, 6.12876], [-73.71018, 6.14979], [-73.72775, 6.17166], [-73.72991, 6.18337], [-73.73064, 6.19545], [-73.72704, 6.2086], [-73.71945, 6.22451], [-73.70815, 6.24485], [-73.70137, 6.25705], [-73.68597, 6.27141], [-73.68433, 6.27883]]]}}, {"type": "Feature", "properties": {"codigo_dane": "68406", "municipio": "Lebrija"}, "geometry": {"type": "Polygon", "coordinates": [[[-73.46408, 7.13236], [-73.46532, 7.13906], [-73.45679, 7.14995], [-73.45115, 7.16011], [-73.44581, 7.17196], [-73.44417, 7.17937], [-73.43883, 7.19121], [-73.43431, 7.19935], [-73.42383, 7.21598], [-73.4187, 7.22076], [-73.41644, 7.22483], [-73.41511, 7.23392], [-73.41182, 7.24875], [-73.41306, 7.25544], [-73.41255, 7.26082], [-73.41491, 7.26548], [-73.41234, 7.26788], [-73.41152, 7.27159], [-73.40957, 7.27733], [-73.40495, 7.27673], [-73.39632, 7.27889], [-73.3917, 7.2783], [-73.38758, 7.27233], [-73.38419, 7.25392], [-73.3811, 7.23718], [-73.38069, 7.22678], [-73.37534, 7.21411], [-73.37041, 7.21185], [-73.36004, 7.21269], [-73.35203, 7.2182], [-73.34514, 7.22168], [-73.33508, 7.2242], [-73.3247, 7.22504], [-73.31761, 7.21106], [-73.3099, 7.19373], [-73.30004, 7.1892], [-73.29089, 7.17223], [-73.27917, 7.15766], [-73.26972, 7.13902], [-73.26704, 7.13268], [-73.26406, 7.12467], [-73.2504, 7.11584], [-73.23047, 7.11383], [-73.22297, 7.11396], [-73.21691, 7.11372], [-73.21536, 7.10535], [-73.21433, 7.09161], [-73.21299, 7.07618], [-73.21217, 7.05538], [-73.22839, 7.0128], [-73.22797, 7.0024], [-73.22715, 6.9816], [-73.22457, 6.95948], [-73.22673, 6.94669], [-73.22888, 6.93389], [-73.24357, 6.93196], [-73.25888, 6.93338], [-73.27511, 6.93982], [-73.29134, 6.94626], [-73.30213, 6.95581], [-73.29649, 6.96598], [-73.28847, 6.97149], [-73.29526, 6.9838], [-73.32228, 6.99979], [-73.338, 7.01161], [-73.37407, 7.03585], [-73.38979, 7.04767], [-73.40705, 7.06786], [-73.41414, 7.08184], [-73.42411, 7.0951], [-73.43583, 7.10967], [-73.44662, 7.11923], [-73.45247, 7.12652], [-73.46408, 7.13236]]]}}, {"type": "Feature", "properties": {"codigo_dane": "68418", "municipio": "Los Santos"}, "geometry": {"type": "Polygon", "coordinates": [[[-73.19598, 6.81257], [-73.18991, 6.81234], [-73.18272, 6.81414], [-73.17728, 6.81725], [-73.17071, 6.8224], [-73.16269, 6.82791], [-73.15294, 6.8321], [-73.14462, 6.83593], [-73.1291, 6.84157], [-73.11411, 6.84182], [-73.10835, 6.84327], [-73.09099, 6.83886], [-73.08102, 6.8256], [-73.06972, 6.82142], [-73.05256, 6.80996], [-73.0389, 6.80113], [-73.03448, 6.79348], [-73.01886, 6.79039], [-73.01588, 6.78238], [-73.02122, 6.77054], [-73.02717, 6.76205], [-73.02964, 6.75092], [-73.03467, 6.73741], [-73.04864, 6.72341], [-73.06168, 6.70438], [-73.06681, 6.69959], [-73.07195, 6.69481], [-73.08859, 6.68714], [-73.11273, 6.67934], [-73.13112, 6.67299], [-73.13831, 6.67119], [-73.14118, 6.67047], [-73.15649, 6.67188], [-73.17416, 6.67796], [-73.18515, 6.68046], [-73.20057, 6.69061], [-73.20817, 6.69921], [-73.20283, 6.71105], [-73.19678, 6.73533], [-73.19011, 6.75626], [-73.18456, 6.77516], [-73.18272, 6.78963], [-73.18169, 6.80039], [-73.19598, 6.81257]]]}}, {"type": "Feature", "properties": {"codigo_dane": "68425", "municipio": "Macaravita"}, "geometry": {"type": "Polygon", "coordinates": [[[-72.58385, 6.60169], [-72.57614, 6.60887], [-72.56813, 6.61438], [-72.55807, 6.6169], [-72.54769, 6.61774], [-72.53618, 6.62062], [-72.5255, 6.6198], [-72.53146, 6.6113], [-72.53423, 6.60186], [-72.53638, 6.58906], [-72.53391, 6.57567], [-72.52908, 6.55762], [-72.52867, 6.54722], [-72.52538, 6.53754], [-72.52846, 6.52977], [-72.53102, 6.52737], [-72.53852, 6.52725], [-72.54304, 6.51911], [-72.54623, 6.52006], [-72.55198, 6.51862], [-72.55773, 6.51718], [-72.56112, 6.51108], [-72.56626, 6.50629], [-72.57314, 6.50282], [-72.5794, 6.496], [-72.58423, 6.48954], [-72.58823, 6.48678], [-72.59337, 6.482], [-72.59707, 6.47757], [-72.60251, 6.47445], [-72.60765, 6.46967], [-72.61453, 6.46619], [-72.62028, 6.46475], [-72.62573, 6.46164], [-72.6286, 6.46092], [-72.63754, 6.46043], [-72.62347, 6.4657], [-72.6245, 6.47945], [-72.61957, 6.5017], [-72.6206, 6.51544], [-72.61783, 6.52489], [-72.62092, 6.54163], [-72.61578, 6.54642], [-72.60613, 6.55934], [-72.60274, 6.56544], [-72.59986, 6.56616], [-72.59678, 6.57393], [-72.59596, 6.57764], [-72.59576, 6.5847], [-72.58744, 6.58853], [-72.58641, 6.59929], [-72.57861, 6.59775], [-72.58385, 6.60169]]]}}, {"type": "Feature", "properties": {"codigo_dane": "68432", "municipio": "Málaga"}, "geometry": {"type": "Polygon", "coordinates": [[[-72.70973, 6.72949], [-72.71752, 6.68201], [-72.72564, 6.68523], [-72.73283, 6.68343], [-72.74783, 6.68318], [-72.75225, 6.69083], [-72.76375, 6.68795], [-72.77413, 6.6871], [-72.77793, 6.6914], [-72.78111, 6.69235], [-72.78584, 6.70167], [-72.78646, 6.70502], [-72.78451, 6.71076], [-72.78194, 6.71316], [-72.78081, 6.71519], [-72.77568, 6.71998], [-72.77516, 6.72536], [-72.77434, 6.72906], [-72.77527, 6.73409], [-72.77476, 6.73947], [-72.77424, 6.74485], [-72.77199, 6.74891], [-72.76973, 6.75298], [-72.76603, 6.75741], [-72.75976, 6.76423], [-72.75227, 6.76436], [-72.74446, 6.76281], [-72.73747, 6.75756], [-72.73048, 6.7523], [-72.72257, 6.74203], [-72.7164, 6.73307], [-72.70973, 6.72949]]]}}, {"type": "Feature", "properties": {"codigo_dane": "68444", "municipio": "Matanza"}, "geometry": {"type": "Polygon", "coordinates": [[[-73.12359, 7.36645], [-73.11147, 7.36599], [-73.09996, 7.36887], [-73.08989, 7.37139], [-73.06883, 7.37141], [-73.06421, 7.37082], [-73.05948, 7.36149], [-73.04931, 7.35529], [-73.0416, 7.33796], [-73.03143, 7.33175], [-73.02588, 7.32614], [-73.0267, 7.29792], [-73.02834, 7.29051], [-73.03059, 7.26193], [-73.02237, 7.24998], [-73.016, 7.24807], [-73.01014, 7.24079], [-73.00315, 7.23553], [-73.00336, 7.22848], [-73.0162, 7.21651], [-73.03027, 7.21124], [-73.04455, 7.19891], [-73.05194, 7.19005], [-73.07166, 7.17461], [-73.08162, 7.16336], [-73.08234, 7.15092], [-73.08192, 7.14052], [-73.08326, 7.13143], [-73.08665, 7.12533], [-73.08829, 7.11792], [-73.09322, 7.12019], [-73.0999, 7.12377], [-73.10545, 7.12938], [-73.10781, 7.13404], [-73.10792, 7.14277], [-73.10946, 7.15113], [-73.10864, 7.15484], [-73.11275, 7.16082], [-73.11861, 7.1681], [-73.12221, 7.17946], [-73.1218, 7.19357], [-73.13166, 7.1981], [-73.1404, 7.20467], [-73.14523, 7.22272], [-73.14852, 7.2324], [-73.16619, 7.23848], [-73.17811, 7.246], [-73.1665, 7.26466], [-73.15254, 7.27866], [-73.14145, 7.29195], [-73.13323, 7.30451], [-73.1282, 7.31802], [-73.12533, 7.34325], [-73.12554, 7.36071], [-73.12359, 7.36645]]]}}, {"type": "Feature", "properties": {"codigo_dane": "68464", "municipio": "Mogotes"}, "geometry": {"type": "Polygon", "coordinates": [[[-72.91023, 6.63376], [-72.8977, 6.62289], [-72.88023, 6.60975], [-72.86697, 6.58681], [-72.85012, 6.57702], [-72.84252, 6.56842], [-72.83779, 6.5591], [-72.83686, 6.55408], [-72.84919, 6.54749], [-72.85227, 6.53972], [-72.85792, 6.52955], [-72.86737, 6.52368], [-72.87456, 6.52188], [-72.88144, 6.51841], [-72.87578, 6.50407], [-72.86818, 6.49547], [-72.88327, 6.45492], [-72.88912, 6.4377], [-72.89179, 6.41952], [-72.89333, 6.40338], [-72.90031, 6.38412], [-72.89301, 6.37719], [-72.91068, 6.38327], [-72.9414, 6.37033], [-72.96328, 6.3666], [-72.97797, 6.36467], [-72.9866, 6.36251], [-72.99009, 6.36514], [-72.99964, 6.368], [-73.01834, 6.36332], [-73.02861, 6.35374], [-73.04474, 6.35145], [-73.04905, 6.35037], [-73.06231, 6.34881], [-73.07124, 6.34832], [-73.07956, 6.34448], [-73.08111, 6.35285], [-73.07998, 6.35488], [-73.0809, 6.35991], [-73.08008, 6.36361], [-73.07844, 6.37103], [-73.07885, 6.38143], [-73.07927, 6.39183], [-73.0765, 6.40128], [-73.0729, 6.41443], [-73.06674, 6.42998], [-73.06716, 6.44038], [-73.07158, 6.44803], [-73.076, 6.45568], [-73.08391, 6.46595], [-73.07333, 6.47386], [-73.061, 6.48044], [-73.04858, 6.50281], [-73.04519, 6.50892], [-73.04355, 6.51633], [-73.03492, 6.51849], [-73.01191, 6.52425], [-73.00215, 6.52845], [-72.99157, 6.53635], [-72.98767, 6.54783], [-72.98695, 6.56027], [-72.98131, 6.57044], [-72.97227, 6.5867], [-72.96107, 6.59126], [-72.94988, 6.59581], [-72.94238, 6.59594], [-72.92769, 6.59787], [-72.9206, 6.6084], [-72.91958, 6.61916], [-72.91794, 6.62657], [-72.91023, 6.63376]]]}}, {"type": "Feature", "properties": {"codigo_dane": "68468", "municipio": "Molagavita"}, "geometry": {"type": "Polygon", "coordinates": [[[-72.77568, 6.71998], [-72.78081, 6.71519], [-72.78194, 6.71316], [-72.78451, 6.71076], [-72.78646, 6.70502], [-72.78584, 6.70167], [-72.78111, 6.69235], [-72.77793, 6.6914], [-72.77413, 6.6871], [-72.77505, 6.66761], [-72.77566, 6.64645], [-72.77607, 6.63234], [-72.77503, 6.61859], [-72.77493, 6.60986], [-72.77308, 6.59982], [-72.77215, 6.5948], [-72.77441, 6.59073], [-72.77492, 6.58535], [-72.78006, 6.58056], [-72.78632, 6.57374], [-72.79084, 6.56561], [-72.79485, 6.56285], [-72.8081, 6.56129], [-72.81262, 6.55315], [-72.83686, 6.55408], [-72.83779, 6.5591], [-72.84252, 6.56842], [-72.85012, 6.57702], [-72.86697, 6.58681], [-72.88023, 6.60975], [-72.8977, 6.62289], [-72.91023, 6.63376], [-72.90428, 6.64225], [-72.90325, 6.65301], [-72.90161, 6.66043], [-72.90315, 6.66879], [-72.89596, 6.67059], [-72.89083, 6.67538], [-72.87788, 6.67862], [-72.86782, 6.68114], [-72.85457, 6.68271], [-72.84737, 6.68451], [-72.83967, 6.69169], [-72.83053, 6.69924], [-72.81933, 6.70379], [-72.80351, 6.70775], [-72.79581, 6.71493], [-72.78256, 6.7165], [-72.77568, 6.71998]]]}}, {"type": "Feature", "properties": {"codigo_dane": "68498", "municipio": "Ocamonte"}, "geometry": {"type": "Polygon", "coordinates": [[[-73.15775, 6.36867], [-73.14758, 6.36247], [-73.12713, 6.36584], [-73.11614, 6.36334], [-73.10576, 6.36418], [-73.09395, 6.36539], [-73.08008, 6.36361], [-73.0809, 6.35991], [-73.07998, 6.35488], [-73.08111, 6.35285], [-73.07956, 6.34448], [-73.08326, 6.34006], [-73.08408, 6.33635], [-73.08767, 6.32319], [-73.09558, 6.30896], [-73.10616, 6.30106], [-73.11499, 6.29184], [-73.13112, 6.28955], [-73.13554, 6.2972], [-73.13421, 6.30629], [-73.14068, 6.31692], [-73.1453, 6.31752], [-73.14911, 6.32182], [-73.14859, 6.3272], [-73.15045, 6.33724], [-73.15024, 6.34429], [-73.15035, 6.35302], [-73.15682, 6.36365], [-73.15775, 6.36867]]]}}, {"type": "Feature", "properties": {"codigo_dane": "68500", "municipio": "Oiba"}, "geometry": {"type": "Polygon", "coordinates": [[[-73.20303, 6.29606], [-73.19902, 6.2743], [-73.19501, 6.25254], [-73.20086, 6.23532], [-73.20722, 6.21272], [-73.21369, 6.19884], [-73.22366, 6.18759], [-73.22992, 6.18077], [-73.23557, 6.1706], [-73.23896, 6.1645], [-73.24142, 6.15338], [-73.24008, 6.13796], [-73.23463, 6.11656], [-73.26863, 6.1133], [-73.27182, 6.11425], [-73.28805, 6.12069], [-73.30192, 6.12247], [-73.31024, 6.11864], [-73.31599, 6.1172], [-73.32298, 6.12245], [-73.33829, 6.12387], [-73.34014, 6.13391], [-73.34137, 6.1406], [-73.33008, 6.16094], [-73.32525, 6.1674], [-73.32628, 6.18115], [-73.33656, 6.19609], [-73.34036, 6.20039], [-73.35547, 6.20886], [-73.35906, 6.22021], [-73.36954, 6.22809], [-73.37622, 6.23167], [-73.37376, 6.2428], [-73.34808, 6.24222], [-73.31921, 6.2407], [-73.30164, 6.24335], [-73.29075, 6.24958], [-73.27905, 6.25951], [-73.26795, 6.27279], [-73.25974, 6.28536], [-73.25604, 6.28978], [-73.25327, 6.29923], [-73.24896, 6.30031], [-73.23396, 6.30057], [-73.22584, 6.29735], [-73.2091, 6.29629], [-73.20303, 6.29606]]]}}, {"type": "Feature", "properties": {"codigo_dane": "68502", "municipio": "Onzaga"}, "geometry": {"type": "Polygon", "coordinates": [[[-72.83686, 6.55408], [-72.81262, 6.55315], [-72.8008, 6.52985], [-72.78508, 6.51803], [-72.7635, 6.49892], [-72.7562, 6.49199], [-72.74778, 6.4871], [-72.74017, 6.4785], [-72.73462, 6.47288], [-72.72671, 6.46261], [-72.72578, 6.45759], [-72.72506, 6.44551], [-72.72783, 6.43607], [-72.72804, 6.42901], [-72.72968, 6.4216], [-72.73019, 6.41622], [-72.73009, 6.40749], [-72.73122, 6.40546], [-72.7306, 6.40211], [-72.73614, 6.38321], [-72.74055, 6.36635], [-72.74815, 6.35044], [-72.754, 6.33322], [-72.7501, 6.32019], [-72.74937, 6.30811], [-72.75317, 6.2879], [-72.75389, 6.27547], [-72.75923, 6.26363], [-72.77658, 6.24352], [-72.79117, 6.23287], [-72.79918, 6.22736], [-72.80513, 6.21886], [-72.81109, 6.21037], [-72.82074, 6.19745], [-72.83307, 6.19086], [-72.84077, 6.18368], [-72.84735, 6.17853], [-72.84366, 6.20747], [-72.84407, 6.21787], [-72.85229, 6.22982], [-72.85127, 6.24058], [-72.84706, 6.25039], [-72.84603, 6.26115], [-72.86504, 6.28265], [-72.86484, 6.2897], [-72.85919, 6.29987], [-72.86135, 6.31159], [-72.86896, 6.32019], [-72.87019, 6.32688], [-72.88499, 6.33368], [-72.89516, 6.33989], [-72.90328, 6.34311], [-72.88972, 6.36751], [-72.89301, 6.37719], [-72.8812, 6.3784], [-72.8662, 6.37866], [-72.84504, 6.39446], [-72.81957, 6.41134], [-72.80272, 6.42607], [-72.8018, 6.44556], [-72.80201, 6.46301], [-72.80859, 6.48237], [-72.80922, 6.51023], [-72.81117, 6.529], [-72.81734, 6.53796], [-72.82988, 6.54883], [-72.83686, 6.55408]]]}}, {"type": "Feature", "properties": {"codigo_dane": "68522", "municipio": "Palmar"}, "geometry": {"type": "Polygon", "coordinates": [[[-73.30458, 6.48773], [-73.29256, 6.49599], [-73.29215, 6.48559], [-73.29235, 6.47853], [-73.29287, 6.47315], [-73.28783, 6.46216], [-73.2866, 6.45547], [-73.28505, 6.4471], [-73.28495, 6.43837], [-73.28803, 6.4306], [-73.29224, 6.42079], [-73.29737, 6.416], [-73.31351, 6.43822], [-73.31669, 6.43917], [-73.31936, 6.44551], [-73.31567, 6.44994], [-73.31166, 6.45269], [-73.30653, 6.45748], [-73.30375, 6.46693], [-73.30817, 6.47457], [-73.30653, 6.48199], [-73.30458, 6.48773]]]}}, {"type": "Feature", "properties": {"codigo_dane": "68524", "municipio": "Palmas del Socorro"}, "geometry": {"type": "Polygon", "coordinates": [[[-73.30753, 6.37319], [-73.29397, 6.37308], [-73.28791, 6.37285], [-73.26428, 6.37526], [-73.25853, 6.3767], [-73.24815, 6.37755], [-73.23634, 6.37876], [-73.21929, 6.37603], [-73.21035, 6.37651], [-73.20429, 6.37628], [-73.21034, 6.352], [-73.21003, 6.35033], [-73.2126, 6.34794], [-73.21887, 6.34111], [-73.22626, 6.33226], [-73.22996, 6.32783], [-73.24249, 6.31419], [-73.24618, 6.30976], [-73.25327, 6.29923], [-73.25728, 6.29648], [-73.2732, 6.30124], [-73.28245, 6.30243], [-73.29601, 6.30254], [-73.30587, 6.30707], [-73.31399, 6.31029], [-73.32847, 6.31542], [-73.32509, 6.32152], [-73.32118, 6.333], [-73.32016, 6.34376], [-73.31708, 6.35154], [-73.31318, 6.36302], [-73.30948, 6.36744], [-73.30753, 6.37319]]]}}, {"type": "Feature", "properties": {"codigo_dane": "68533", "municipio": "Páramo"}, "geometry": {"type": "Polygon", "coordinates": [[[-73.14884, 6.4672], [-73.13877, 6.46972], [-73.12583, 6.47297], [-73.12007, 6.47441], [-73.11483, 6.47047], [-73.11093, 6.45744], [-73.11431, 6.45134], [-73.12027, 6.44284], [-73.13424, 6.42884], [-73.15314, 6.4171], [-73.15879, 6.40693], [-73.16032, 6.39079], [-73.16022, 6.38206], [-73.15693, 6.37238], [-73.15775, 6.36867], [-73.21034, 6.352], [-73.20429, 6.37628], [-73.2047, 6.38668], [-73.20193, 6.39613], [-73.20173, 6.40318], [-73.20008, 6.4106], [-73.19444, 6.42077], [-73.19043, 6.42352], [-73.18355, 6.42699], [-73.17698, 6.43214], [-73.17585, 6.43418], [-73.1742, 6.44159], [-73.16475, 6.44746], [-73.15623, 6.45835], [-73.15253, 6.46278], [-73.14884, 6.4672]]]}}, {"type": "Feature", "properties": {"codigo_dane": "68547", "municipio": "Piedecuesta"}, "geometry": {"type": "Polygon", "coordinates": [[[-73.02016, 7.04219], [-73.01266, 7.04231], [-72.99509, 7.04496], [-72.9764, 7.04964], [-72.96746, 7.05013], [-72.96684, 7.04678], [-72.9653, 7.03842], [-72.95636, 7.0389], [-72.94547, 7.04513], [-72.93448, 7.04263], [-72.93242, 7.03964], [-72.9203, 7.03918], [-72.90962, 7.03835], [-72.90818, 7.03871], [-72.89708, 7.02748], [-72.91023, 7.01719], [-72.92122, 6.99518], [-72.93241, 6.96611], [-72.93538, 6.94961], [-72.94555, 6.93131], [-72.95489, 6.91671], [-72.97009, 6.9094], [-72.98067, 6.9015], [-73.00039, 6.88606], [-73.01005, 6.87314], [-73.0047, 6.86047], [-72.99597, 6.8539], [-72.98405, 6.84638], [-72.97449, 6.84352], [-72.96258, 6.836], [-72.95672, 6.82871], [-72.94449, 6.81952], [-72.93494, 6.81666], [-72.92857, 6.81475], [-72.92507, 6.81213], [-72.92497, 6.8034], [-72.93411, 6.79586], [-72.94068, 6.79071], [-72.94582, 6.78592], [-72.95701, 6.78137], [-72.97047, 6.77274], [-72.98023, 6.76855], [-72.99255, 6.76196], [-72.99543, 6.76124], [-73.00447, 6.76948], [-73.01002, 6.7751], [-73.01588, 6.78238], [-73.01886, 6.79039], [-73.03448, 6.79348], [-73.0389, 6.80113], [-73.05256, 6.80996], [-73.06972, 6.82142], [-73.08102, 6.8256], [-73.09099, 6.83886], [-73.10835, 6.84327], [-73.11411, 6.84182], [-73.11277, 6.85091], [-73.11319, 6.86131], [-73.11812, 6.86358], [-73.12141, 6.87326], [-73.1172, 6.88307], [-73.1133, 6.89455], [-73.11391, 6.8979], [-73.1172, 6.90758], [-73.11813, 6.9126], [-73.12512, 6.91785], [-73.13098, 6.92514], [-73.13077, 6.9322], [-73.13057, 6.93925], [-73.12112, 6.94512], [-73.11311, 6.95063], [-73.10766, 6.95374], [-73.09472, 6.95698], [-73.08496, 6.96118], [-73.08681, 6.97122], [-73.06935, 6.98259], [-73.05702, 6.98918], [-73.04901, 6.99469], [-73.04111, 7.00893], [-73.03084, 7.0185], [-73.033, 7.03022], [-73.02016, 7.04219]]]}}, {"type": "Feature", "properties": {"codigo_dane": "68549", "municipio": "Pinchote"}, "geometry": {"type": "Polygon", "coordinates": [[[-73.20113, 6.49788], [-73.19107, 6.5004], [-73.17699, 6.50567], [-73.16754, 6.51154], [-73.15203, 6.51718], [-73.14423, 6.51563], [-73.14206, 6.50392], [-73.1472, 6.49913], [-73.15028, 6.49135], [-73.15069, 6.47724], [-73.14884, 6.4672], [-73.15253, 6.46278], [-73.15623, 6.45835], [-73.16475, 6.44746], [-73.1742, 6.44159], [-73.17585, 6.43418], [-73.18345, 6.44278], [-73.18756, 6.44875], [-73.19804, 6.45663], [-73.20164, 6.46799], [-73.20781, 6.47695], [-73.21705, 6.47813], [-73.22291, 6.48542], [-73.21284, 6.48794], [-73.20421, 6.4901], [-73.20113, 6.49788]]]}}, {"type": "Feature", "properties": {"codigo_dane": "68572", "municipio": "Puente Nacional"}, "geometry": {"type": "Polygon", "coordinates": [[[-73.65094, 5.87749], [-73.64621, 5.86817], [-73.63604, 5.86197], [-73.63203, 5.86472], [-73.62361, 5.85983], [-73.62032, 5.85014], [-73.61528, 5.83915], [-73.60819, 5.82517], [-73.60552, 5.81883], [-73.605, 5.79971], [-73.61013, 5.79492], [-73.61516, 5.7814], [-73.61619, 5.77064], [-73.61783, 5.76323], [-73.61824, 5.74912], [-73.61669, 5.74075], [-73.61566, 5.727], [-73.61268, 5.71899], [-73.61258, 5.71027], [-73.62141, 5.70105], [-73.62737, 5.69256], [-73.63383, 5.67868], [-73.63897, 5.67389], [-73.6401, 5.67186], [-73.6516, 5.66898], [-73.66291, 5.67315], [-73.67277, 5.67768], [-73.67863, 5.68497], [-73.68161, 5.69298], [-73.69034, 5.69955], [-73.69445, 5.70552], [-73.70257, 5.70874], [-73.71438, 5.70753], [-73.72507, 5.70836], [-73.73832, 5.70679], [-73.74757, 5.70798], [-73.75619, 5.70582], [-73.76164, 5.7027], [-73.74654, 5.71874], [-73.74808, 5.72711], [-73.75168, 5.73846], [-73.75179, 5.74719], [-73.74501, 5.75939], [-73.74399, 5.77015], [-73.74296, 5.78091], [-73.74337, 5.79131], [-73.74142, 5.79706], [-73.74009, 5.80614], [-73.74092, 5.82695], [-73.72417, 5.82589], [-73.71955, 5.82529], [-73.71287, 5.82171], [-73.69079, 5.8325], [-73.68483, 5.84099], [-73.67949, 5.85283], [-73.67405, 5.85595], [-73.66028, 5.8629], [-73.65094, 5.87749]]]}}, {"type": "Feature", "properties": {"codigo_dane": "68573", "municipio": "Puerto Parra"}, "geometry": {"type": "Polygon", "coordinates": [[[-73.97301, 6.70202], [-73.97321, 6.69497], [-73.97249, 6.68289], [-73.9844, 6.6659], [-73.9957, 6.64557], [-73.99816, 6.63444], [-74.00525, 6.62391], [-73.98202, 6.58771], [-73.9628, 6.57326], [-73.94883, 6.56276], [-73.92705, 6.5507], [-73.90475, 6.54403], [-73.88924, 6.52516], [-73.86724, 6.49565], [-73.84259, 6.48431], [-73.82399, 6.47321], [-73.81577, 6.46126], [-73.80508, 6.43593], [-73.79367, 6.42303], [-73.79018, 6.4204], [-73.8063, 6.41811], [-73.81956, 6.41654], [-73.83969, 6.4115], [-73.86003, 6.39941], [-73.8629, 6.39869], [-73.86824, 6.38684], [-73.8742, 6.37835], [-73.88663, 6.38049], [-73.89475, 6.38371], [-73.91581, 6.38369], [-73.92937, 6.38379], [-73.95505, 6.38436], [-73.97149, 6.38375], [-73.98372, 6.39294], [-73.99307, 6.40286], [-73.99954, 6.41349], [-74.00694, 6.42915], [-74.01249, 6.43476], [-74.02297, 6.44264], [-74.02677, 6.44694], [-74.03356, 6.45925], [-74.04445, 6.45302], [-74.05122, 6.44082], [-74.05338, 6.42802], [-74.0617, 6.42419], [-74.07557, 6.42597], [-74.09488, 6.42463], [-74.10864, 6.41769], [-74.11512, 6.42832], [-74.11635, 6.43501], [-74.11564, 6.44745], [-74.11636, 6.45952], [-74.12817, 6.45832], [-74.14594, 6.44861], [-74.14954, 6.45997], [-74.12643, 6.48151], [-74.13054, 6.48749], [-74.13014, 6.5016], [-74.1326, 6.51498], [-74.13651, 6.52801], [-74.14679, 6.54295], [-74.14833, 6.55131], [-74.18234, 6.57256], [-74.17957, 6.58201], [-74.17372, 6.59923], [-74.16612, 6.61514], [-74.15082, 6.63823], [-74.12258, 6.66457], [-74.11343, 6.67211], [-74.10069, 6.66829], [-74.09802, 6.66196], [-74.09792, 6.65323], [-74.08898, 6.65372], [-74.08446, 6.66185], [-74.08076, 6.66628], [-74.07347, 6.65936], [-74.06546, 6.66486], [-74.06556, 6.67359], [-74.05755, 6.6791], [-74.04029, 6.68342], [-74.01615, 6.69122], [-73.99602, 6.69626], [-73.97301, 6.70202]]]}}, {"type": "Feature", "properties": {"codigo_dane": "68575", "municipio": "Puerto Wilches"}, "geometry": {"type": "Polygon", "coordinates": [[[-73.95583, 7.81635], [-73.94813, 7.82353], [-73.93673, 7.83514], [-73.91926, 7.84652], [-73.90612, 7.85681], [-73.8939, 7.87213], [-73.88938, 7.88027], [-73.87726, 7.8798], [-73.86945, 7.87825], [-73.86452, 7.87599], [-73.8565, 7.88149], [-73.8564, 7.87277], [-73.8642, 7.8498], [-73.86779, 7.83665], [-73.86286, 7.83438], [-73.85207, 7.82483], [-73.84128, 7.81527], [-73.83656, 7.80595], [-73.83419, 7.80129], [-73.82885, 7.78862], [-73.82186, 7.78337], [-73.81744, 7.77572], [-73.81641, 7.76197], [-73.81938, 7.74547], [-73.81147, 7.7352], [-73.79904, 7.73306], [-73.79298, 7.73282], [-73.78013, 7.72028], [-73.76565, 7.71516], [-73.76092, 7.70584], [-73.76276, 7.69137], [-73.77406, 7.67103], [-73.78659, 7.65739], [-73.78936, 7.64794], [-73.79264, 7.63311], [-73.81257, 7.61061], [-73.82109, 7.59972], [-73.82612, 7.58621], [-73.81965, 7.57557], [-73.81636, 7.56589], [-73.82488, 7.555], [-73.83454, 7.54208], [-73.8332, 7.52666], [-73.83309, 7.51793], [-73.82569, 7.50228], [-73.82928, 7.48912], [-73.82867, 7.48577], [-73.82856, 7.47705], [-73.82794, 7.4737], [-73.8301, 7.4609], [-73.83194, 7.44644], [-73.83328, 7.43735], [-73.82957, 7.41726], [-73.82166, 7.40699], [-73.80563, 7.3935], [-73.79833, 7.38657], [-73.79135, 7.38132], [-73.78148, 7.37678], [-73.77337, 7.37356], [-73.76432, 7.36532], [-73.76484, 7.35994], [-73.77573, 7.35371], [-73.78405, 7.34988], [-73.79062, 7.34473], [-73.7977, 7.3342], [-73.81116, 7.32558], [-73.8201, 7.32509], [-73.82441, 7.32401], [-73.83171, 7.33094], [-73.84065, 7.33045], [-73.84321, 7.32806], [-73.84362, 7.31395], [-73.83745, 7.30499], [-73.82759, 7.30045], [-73.81598, 7.29461], [-73.80848, 7.29474], [-73.7978, 7.29391], [-73.78742, 7.29476], [-73.77838, 7.28652], [-73.77909, 7.27408], [-73.78043, 7.26499], [-73.78114, 7.25256], [-73.78217, 7.2418], [-73.78063, 7.23343], [-73.791, 7.23258], [-73.79727, 7.22576], [-73.80148, 7.21595], [-73.79767, 7.21165], [-73.79161, 7.21142], [-73.7835, 7.2082], [-73.77651, 7.20294], [-73.76377, 7.19913], [-73.75278, 7.19663], [-73.74034, 7.19449], [-73.72873, 7.18865], [-73.71743, 7.18447], [-73.70808, 7.17456], [-73.69935, 7.16799], [-73.68969, 7.1564], [-73.67921, 7.14852], [-73.66873, 7.14064], [-73.66112, 7.13204], [-73.65033, 7.12249], [-73.63811, 7.11329], [-73.6303, 7.11175], [-73.61982, 7.10387], [-73.61447, 7.0912], [-73.61704, 7.08881], [-73.61169, 7.07614], [-73.60091, 7.06658], [-73.59936, 7.05822], [-73.59576, 7.04686], [-73.61713, 7.024], [-73.6235, 7.02591], [-73.63274, 7.0271], [-73.63973, 7.03235], [-73.65391, 7.0358], [-73.67332, 7.0432], [-73.68668, 7.05036], [-73.70292, 7.0568], [-73.72634, 7.06143], [-73.74832, 7.06643], [-73.76733, 7.06343], [-73.78315, 7.05946], [-73.80349, 7.04737], [-73.81787, 7.04377], [-73.82547, 7.05237], [-73.83328, 7.05391], [-73.84982, 7.03752], [-73.85351, 7.03309], [-73.86502, 7.03021], [-73.87375, 7.03677], [-73.88063, 7.0333], [-73.89265, 7.02504], [-73.90467, 7.01678], [-73.92038, 7.00409], [-73.93014, 6.99989], [-73.94535, 6.99258], [-73.95973, 6.98898], [-73.97329, 6.98909], [-73.99517, 6.98536], [-73.99609, 6.99038], [-73.9999, 7.01919], [-74.00227, 7.04836], [-74.00135, 7.06785], [-74.00783, 7.07849], [-74.00105, 7.09069], [-74.00259, 7.09906], [-73.99068, 7.11604], [-73.98874, 7.1463], [-73.97847, 7.18038], [-73.97776, 7.19282], [-73.98074, 7.22533], [-73.9866, 7.23262], [-73.99, 7.25103], [-73.98928, 7.26347], [-73.96874, 7.28262], [-73.94964, 7.30141], [-73.9443, 7.31325], [-73.94173, 7.31564], [-73.92314, 7.35356], [-73.91072, 7.37593], [-73.91144, 7.38801], [-73.90949, 7.39375], [-73.89933, 7.41205], [-73.89625, 7.44434], [-73.89759, 7.45976], [-73.89369, 7.47124], [-73.89441, 7.48332], [-73.89524, 7.50412], [-73.88641, 7.51333], [-73.8823, 7.53187], [-73.88364, 7.54729], [-73.89299, 7.55721], [-73.90132, 7.57788], [-73.9079, 7.59724], [-73.90955, 7.61434], [-73.91243, 7.63813], [-73.92045, 7.65713], [-73.93021, 7.67745], [-73.93268, 7.69084], [-73.9445, 7.71414], [-73.96064, 7.73636], [-73.96403, 7.75477], [-73.96393, 7.77055], [-73.96353, 7.78466], [-73.96045, 7.79244], [-73.96117, 7.80451], [-73.96096, 7.81156], [-73.95583, 7.81635]]]}}, {"type": "Feature", "properties": {"codigo_dane": "68615", "municipio": "Rionegro"}, "geometry": {"type": "Polygon", "coordinates": [[[-73.83309, 7.51793], [-73.70047, 7.52488], [-73.69728, 7.52393], [-73.68978, 7.52406], [-73.66862, 7.51535], [-73.65382, 7.50855], [-73.63923, 7.49469], [-73.63101, 7.48275], [-73.62341, 7.47415], [-73.61529, 7.47093], [-73.59988, 7.46078], [-73.59104, 7.44548], [-73.586, 7.43449], [-73.58189, 7.42852], [-73.57346, 7.42362], [-73.56535, 7.4204], [-73.54511, 7.41672], [-73.50925, 7.40994], [-73.48388, 7.41104], [-73.46837, 7.41668], [-73.4583, 7.4192], [-73.45286, 7.42231], [-73.44412, 7.41574], [-73.43108, 7.41026], [-73.41197, 7.40454], [-73.39841, 7.40443], [-73.38104, 7.40003], [-73.35875, 7.39335], [-73.33656, 7.39541], [-73.31551, 7.41994], [-73.29886, 7.4031], [-73.30728, 7.38348], [-73.32289, 7.36206], [-73.3273, 7.3452], [-73.31497, 7.32728], [-73.29114, 7.33675], [-73.27306, 7.34478], [-73.25692, 7.32256], [-73.24357, 7.3154], [-73.22538, 7.3147], [-73.19775, 7.31987], [-73.17597, 7.33232], [-73.15933, 7.33999], [-73.14125, 7.34802], [-73.13293, 7.35185], [-73.12359, 7.36645], [-73.12554, 7.36071], [-73.12533, 7.34325], [-73.1282, 7.31802], [-73.13323, 7.30451], [-73.14145, 7.29195], [-73.15254, 7.27866], [-73.1665, 7.26466], [-73.17811, 7.246], [-73.16619, 7.23848], [-73.14852, 7.2324], [-73.14523, 7.22272], [-73.1404, 7.20467], [-73.13166, 7.1981], [-73.1218, 7.19357], [-73.12221, 7.17946], [-73.11861, 7.1681], [-73.11275, 7.16082], [-73.10864, 7.15484], [-73.11151, 7.15412], [-73.11583, 7.15304], [-73.12446, 7.15088], [-73.13134, 7.14741], [-73.1411, 7.14321], [-73.15024, 7.13567], [-73.16513, 7.12669], [-73.16883, 7.12226], [-73.17397, 7.11747], [-73.18434, 7.11663], [-73.18722, 7.1159], [-73.19328, 7.11614], [-73.19616, 7.11542], [-73.20047, 7.11434], [-73.20622, 7.1129], [-73.21085, 7.11349], [-73.21691, 7.11372], [-73.22297, 7.11396], [-73.23047, 7.11383], [-73.2504, 7.11584], [-73.26406, 7.12467], [-73.26704, 7.13268], [-73.26972, 7.13902], [-73.27917, 7.15766], [-73.29089, 7.17223], [-73.30004, 7.1892], [-73.3099, 7.19373], [-73.31761, 7.21106], [-73.3247, 7.22504], [-73.33508, 7.2242], [-73.34514, 7.22168], [-73.35203, 7.2182], [-73.36004, 7.21269], [-73.37041, 7.21185], [-73.37534, 7.21411], [-73.38069, 7.22678], [-73.3811, 7.23718], [-73.38419, 7.25392], [-73.38758, 7.27233], [-73.3917, 7.2783], [-73.39632, 7.27889], [-73.40495, 7.27673], [-73.40957, 7.27733], [-73.41152, 7.27159], [-73.41234, 7.26788], [-73.4297, 7.27228], [-73.44645, 7.27334], [-73.47573, 7.28527], [-73.4857, 7.29853], [-73.4968, 7.30976], [-73.50707, 7.32469], [-73.51766, 7.3413], [-73.53246, 7.3481], [-73.55927, 7.34664], [-73.56564, 7.34855], [-73.57992, 7.36073], [-73.58516, 7.36467], [-73.60325, 7.38115], [-73.60797, 7.39047], [-73.61558, 7.39907], [-73.64794, 7.40322], [-73.65893, 7.40572], [-73.68123, 7.41239], [-73.69653, 7.41381], [-73.70691, 7.41297], [-73.70825, 7.42839], [-73.71596, 7.44572], [-73.73394, 7.45347], [-73.74606, 7.45394], [-73.75397, 7.46421], [-73.77082, 7.474], [-73.77463, 7.4783], [-73.79219, 7.47565], [-73.80945, 7.47133], [-73.8152, 7.46989], [-73.82794, 7.4737], [-73.82856, 7.47705], [-73.82867, 7.48577], [-73.82928, 7.48912], [-73.82569, 7.50228], [-73.83309, 7.51793]]]}}, {"type": "Feature", "properties": {"codigo_dane": "68655", "municipio": "Sabana de Torres"}, "geometry": {"type": "Polygon", "coordinates": [[[-73.41234, 7.26788], [-73.41491, 7.26548], [-73.41255, 7.26082], [-73.41306, 7.25544], [-73.41182, 7.24875], [-73.41511, 7.23392], [-73.41644, 7.22483], [-73.4187, 7.22076], [-73.42383, 7.21598], [-73.43431, 7.19935], [-73.43883, 7.19121], [-73.44417, 7.17937], [-73.44581, 7.17196], [-73.45115, 7.16011], [-73.45679, 7.14995], [-73.46532, 7.13906], [-73.46408, 7.13236], [-73.46778, 7.12793], [-73.47384, 7.12817], [-73.47816, 7.12709], [-73.48442, 7.12027], [-73.49274, 7.11643], [-73.50219, 7.11056], [-73.51308, 7.10433], [-73.52592, 7.09237], [-73.53794, 7.0841], [-73.54851, 7.0762], [-73.55735, 7.06699], [-73.56793, 7.05908], [-73.57368, 7.05764], [-73.58282, 7.0501], [-73.59576, 7.04686], [-73.59936, 7.05822], [-73.60091, 7.06658], [-73.61169, 7.07614], [-73.61704, 7.08881], [-73.61447, 7.0912], [-73.61982, 7.10387], [-73.6303, 7.11175], [-73.63811, 7.11329], [-73.65033, 7.12249], [-73.66112, 7.13204], [-73.66873, 7.14064], [-73.67921, 7.14852], [-73.68969, 7.1564], [-73.69935, 7.16799], [-73.70808, 7.17456], [-73.71743, 7.18447], [-73.72873, 7.18865], [-73.74034, 7.19449], [-73.75278, 7.19663], [-73.76377, 7.19913], [-73.77651, 7.20294], [-73.7835, 7.2082], [-73.79161, 7.21142], [-73.79767, 7.21165], [-73.80148, 7.21595], [-73.79727, 7.22576], [-73.791, 7.23258], [-73.78063, 7.23343], [-73.78217, 7.2418], [-73.78114, 7.25256], [-73.78043, 7.26499], [-73.77909, 7.27408], [-73.77838, 7.28652], [-73.78742, 7.29476], [-73.7978, 7.29391], [-73.80848, 7.29474], [-73.81598, 7.29461], [-73.82759, 7.30045], [-73.83745, 7.30499], [-73.84362, 7.31395], [-73.84321, 7.32806], [-73.84065, 7.33045], [-73.83171, 7.33094], [-73.82441, 7.32401], [-73.8201, 7.32509], [-73.81116, 7.32558], [-73.7977, 7.3342], [-73.79062, 7.34473], [-73.78405, 7.34988], [-73.77573, 7.35371], [-73.76484, 7.35994], [-73.76432, 7.36532], [-73.77337, 7.37356], [-73.78148, 7.37678], [-73.79135, 7.38132], [-73.79833, 7.38657], [-73.80563, 7.3935], [-73.82166, 7.40699], [-73.82957, 7.41726], [-73.83328, 7.43735], [-73.83194, 7.44644], [-73.8301, 7.4609], [-73.82794, 7.4737], [-73.8152, 7.46989], [-73.80945, 7.47133], [-73.79219, 7.47565], [-73.77463, 7.4783], [-73.77082, 7.474], [-73.75397, 7.46421], [-73.74606, 7.45394], [-73.73394, 7.45347], [-73.71596, 7.44572], [-73.70825, 7.42839], [-73.70691, 7.41297], [-73.69653, 7.41381], [-73.68123, 7.41239], [-73.65893, 7.40572], [-73.64794, 7.40322], [-73.61558, 7.39907], [-73.60797, 7.39047], [-73.60325, 7.38115], [-73.58516, 7.36467], [-73.57992, 7.36073], [-73.56564, 7.34855], [-73.55927, 7.34664], [-73.53246, 7.3481], [-73.51766, 7.3413], [-73.50707, 7.32469], [-73.4968, 7.30976], [-73.4857, 7.29853], [-73.47573, 7.28527], [-73.44645, 7.27334], [-73.4297, 7.27228], [-73.41234, 7.26788]]]}}, {"type": "Feature", "properties": {"codigo_dane": "68669", "municipio": "San Andrés"}, "geometry": {"type": "Polygon", "coordinates": [[[-72.74409, 6.92398], [-72.74316, 6.91896], [-72.74213, 6.90521], [-72.73709, 6.89422], [-72.73411, 6.88621], [-72.73914, 6.87269], [-72.74222, 6.86492], [-72.74294, 6.85248], [-72.73965, 6.8428], [-72.73811, 6.83444], [-72.738, 6.82571], [-72.7417, 6.82128], [-72.74529, 6.80812], [-72.74806, 6.79868], [-72.75145, 6.79257], [-72.75248, 6.78181], [-72.74775, 6.77249], [-72.75976, 6.76423], [-72.76603, 6.75741], [-72.76973, 6.75298], [-72.77199, 6.74891], [-72.77424, 6.74485], [-72.77476, 6.73947], [-72.77527, 6.73409], [-72.77434, 6.72906], [-72.77516, 6.72536], [-72.77568, 6.71998], [-72.78256, 6.7165], [-72.79581, 6.71493], [-72.80351, 6.70775], [-72.81933, 6.70379], [-72.83053, 6.69924], [-72.83967, 6.69169], [-72.84737, 6.68451], [-72.85457, 6.68271], [-72.86782, 6.68114], [-72.87788, 6.67862], [-72.89083, 6.67538], [-72.89596, 6.67059], [-72.90315, 6.66879], [-72.90295, 6.67585], [-72.90018, 6.6853], [-72.88878, 6.69691], [-72.88806, 6.70934], [-72.89146, 6.72775], [-72.89023, 6.74557], [-72.88982, 6.75967], [-72.88983, 6.78418], [-72.89188, 6.78717], [-72.88737, 6.79531], [-72.88829, 6.80033], [-72.87597, 6.80692], [-72.85008, 6.8134], [-72.83488, 6.82071], [-72.82748, 6.82956], [-72.81557, 6.84655], [-72.80766, 6.86079], [-72.79051, 6.87384], [-72.77048, 6.88761], [-72.76083, 6.90053], [-72.75261, 6.91309], [-72.74409, 6.92398]]]}}, {"type": "Feature", "properties": {"codigo_dane": "68673", "municipio": "San Benito"}, "geometry": {"type": "Polygon", "coordinates": [[[-73.55113, 6.07057], [-73.54538, 6.07201], [-73.53994, 6.07512], [-73.52525, 6.07705], [-73.51148, 6.084], [-73.50234, 6.09154], [-73.49433, 6.09705], [-73.47902, 6.09563], [-73.4781, 6.09061], [-73.48118, 6.08283], [-73.48333, 6.07004], [-73.49011, 6.05784], [-73.50182, 6.0479], [-73.51188, 6.04538], [-73.51856, 6.04896], [-73.52534, 6.03676], [-73.53468, 6.02216], [-73.53694, 6.01809], [-73.54002, 6.01032], [-73.54197, 6.00458], [-73.54567, 6.00015], [-73.54834, 6.00648], [-73.55132, 6.01449], [-73.55851, 6.01269], [-73.56869, 6.0189], [-73.56674, 6.02464], [-73.56222, 6.03277], [-73.5577, 6.04091], [-73.55174, 6.0494], [-73.55123, 6.05478], [-73.55021, 6.06555], [-73.55113, 6.07057]]]}}, {"type": "Feature", "properties": {"codigo_dane": "68679", "municipio": "San Gil"}, "geometry": {"type": "Polygon", "coordinates": [[[-73.17855, 6.56306], [-73.1501, 6.57194], [-73.12195, 6.58249], [-73.1238, 6.59253], [-73.12339, 6.60664], [-73.11672, 6.60306], [-73.10849, 6.59111], [-73.11075, 6.56253], [-73.11136, 6.54137], [-73.10437, 6.53612], [-73.09399, 6.53696], [-73.0793, 6.53889], [-73.05383, 6.53126], [-73.03492, 6.51849], [-73.04355, 6.51633], [-73.04519, 6.50892], [-73.04858, 6.50281], [-73.061, 6.48044], [-73.07333, 6.47386], [-73.08391, 6.46595], [-73.076, 6.45568], [-73.08781, 6.45447], [-73.09962, 6.45326], [-73.11431, 6.45134], [-73.11093, 6.45744], [-73.11483, 6.47047], [-73.12007, 6.47441], [-73.12583, 6.47297], [-73.13877, 6.46972], [-73.14884, 6.4672], [-73.15069, 6.47724], [-73.15028, 6.49135], [-73.1472, 6.49913], [-73.14206, 6.50392], [-73.14423, 6.51563], [-73.15203, 6.51718], [-73.16754, 6.51154], [-73.17699, 6.50567], [-73.19107, 6.5004], [-73.20113, 6.49788], [-73.20031, 6.50158], [-73.20966, 6.5115], [-73.21521, 6.51711], [-73.21614, 6.52213], [-73.20566, 6.53876], [-73.19488, 6.55372], [-73.1768, 6.56175], [-73.17855, 6.56306]]]}}, {"type": "Feature", "properties": {"codigo_dane": "68682", "municipio": "San Joaquín"}, "geometry": {"type": "Polygon", "coordinates": [[[-72.89301, 6.37719], [-72.90031, 6.38412], [-72.89333, 6.40338], [-72.89179, 6.41952], [-72.88912, 6.4377], [-72.88327, 6.45492], [-72.86818, 6.49547], [-72.87578, 6.50407], [-72.88144, 6.51841], [-72.87456, 6.52188], [-72.86737, 6.52368], [-72.85792, 6.52955], [-72.85227, 6.53972], [-72.84919, 6.54749], [-72.83686, 6.55408], [-72.82988, 6.54883], [-72.81734, 6.53796], [-72.81117, 6.529], [-72.80922, 6.51023], [-72.80859, 6.48237], [-72.80201, 6.46301], [-72.8018, 6.44556], [-72.80272, 6.42607], [-72.81957, 6.41134], [-72.84504, 6.39446], [-72.8662, 6.37866], [-72.8812, 6.3784], [-72.89301, 6.37719]]]}}, {"type": "Feature", "properties": {"codigo_dane": "68684", "municipio": "San José de Miranda"}, "geometry": {"type": "Polygon", "coordinates": [[[-72.77413, 6.6871], [-72.76375, 6.68795], [-72.75225, 6.69083], [-72.74783, 6.68318], [-72.73283, 6.68343], [-72.72564, 6.68523], [-72.71752, 6.68201], [-72.71803, 6.67663], [-72.71855, 6.67125], [-72.71937, 6.66755], [-72.71926, 6.65882], [-72.71947, 6.65176], [-72.71967, 6.64471], [-72.71956, 6.63598], [-72.71833, 6.62929], [-72.71709, 6.62259], [-72.71668, 6.61219], [-72.71945, 6.60274], [-72.72027, 6.59904], [-72.72397, 6.59461], [-72.7251, 6.59258], [-72.72592, 6.58887], [-72.73013, 6.57906], [-72.73208, 6.57332], [-72.73454, 6.5622], [-72.73506, 6.55682], [-72.77492, 6.58535], [-72.77441, 6.59073], [-72.77215, 6.5948], [-72.77308, 6.59982], [-72.77493, 6.60986], [-72.77503, 6.61859], [-72.77607, 6.63234], [-72.77566, 6.64645], [-72.77505, 6.66761], [-72.77413, 6.6871]]]}}, {"type": "Feature", "properties": {"codigo_dane": "68686", "municipio": "San Miguel"}, "geometry": {"type": "Polygon", "coordinates": [[[-72.68905, 6.61736], [-72.66891, 6.6224], [-72.66491, 6.62516], [-72.65495, 6.63641], [-72.64806, 6.63988], [-72.64406, 6.64263], [-72.6345, 6.63977], [-72.63142, 6.62304], [-72.62279, 6.6252], [-72.61149, 6.62103], [-72.59813, 6.61387], [-72.59258, 6.60825], [-72.58765, 6.60599], [-72.58385, 6.60169], [-72.57861, 6.59775], [-72.58641, 6.59929], [-72.58744, 6.58853], [-72.59576, 6.5847], [-72.59596, 6.57764], [-72.59678, 6.57393], [-72.59986, 6.56616], [-72.60274, 6.56544], [-72.60613, 6.55934], [-72.61578, 6.54642], [-72.62092, 6.54163], [-72.63078, 6.54616], [-72.64013, 6.55608], [-72.64856, 6.56097], [-72.64948, 6.56599], [-72.65503, 6.5716], [-72.65832, 6.58128], [-72.66623, 6.59156], [-72.67928, 6.59705], [-72.68905, 6.61736]]]}}, {"type": "Feature", "properties": {"codigo_dane": "68689", "municipio": "San Vicente de Chucurí"}, "geometry": {"type": "Polygon", "coordinates": [[[-73.55517, 7.00625], [-73.54624, 7.00674], [-73.55856, 6.97564], [-73.55814, 6.96524], [-73.55639, 6.93942], [-73.54159, 6.93262], [-73.53399, 6.92401], [-73.52494, 6.89126], [-73.52524, 6.86843], [-73.52401, 6.86173], [-73.50346, 6.85637], [-73.48333, 6.86142], [-73.48189, 6.86178], [-73.44634, 6.85667], [-73.41367, 6.85085], [-73.39138, 6.84417], [-73.38305, 6.8235], [-73.37092, 6.79852], [-73.37616, 6.77795], [-73.37697, 6.74973], [-73.3782, 6.73192], [-73.38087, 6.71374], [-73.37583, 6.70275], [-73.38066, 6.69629], [-73.38856, 6.68205], [-73.39123, 6.66387], [-73.37951, 6.6493], [-73.39379, 6.63697], [-73.40057, 6.62477], [-73.39697, 6.61341], [-73.39419, 6.59835], [-73.39665, 6.58723], [-73.40004, 6.58113], [-73.40291, 6.5559], [-73.43672, 6.5842], [-73.44474, 6.6032], [-73.46477, 6.61394], [-73.47957, 6.62074], [-73.49981, 6.62443], [-73.50844, 6.62227], [-73.53309, 6.60909], [-73.57418, 6.5953], [-73.59247, 6.60473], [-73.59011, 6.62458], [-73.59206, 6.64334], [-73.60789, 6.66389], [-73.61724, 6.67381], [-73.62793, 6.69914], [-73.63338, 6.72054], [-73.64273, 6.73045], [-73.67386, 6.72791], [-73.68034, 6.73855], [-73.69626, 6.74331], [-73.70931, 6.7488], [-73.72143, 6.74926], [-73.71609, 6.76111], [-73.72062, 6.77748], [-73.72853, 6.78776], [-73.73531, 6.80006], [-73.72247, 6.81203], [-73.71231, 6.83034], [-73.6662, 6.88215], [-73.6209, 6.93026], [-73.57335, 6.98244], [-73.55517, 7.00625]]]}}, {"type": "Feature", "properties": {"codigo_dane": "68705", "municipio": "Santa Bárbara"}, "geometry": {"type": "Polygon", "coordinates": [[[-72.86513, 7.00922], [-72.85865, 6.99859], [-72.85464, 6.97683], [-72.85412, 6.9577], [-72.85854, 6.94084], [-72.87589, 6.92074], [-72.87681, 6.90125], [-72.88461, 6.87828], [-72.88553, 6.8588], [-72.90628, 6.83259], [-72.90854, 6.82852], [-72.92507, 6.81213], [-72.92857, 6.81475], [-72.93494, 6.81666], [-72.94449, 6.81952], [-72.95672, 6.82871], [-72.96258, 6.836], [-72.97449, 6.84352], [-72.98405, 6.84638], [-72.99597, 6.8539], [-73.0047, 6.86047], [-73.01005, 6.87314], [-73.00039, 6.88606], [-72.98067, 6.9015], [-72.97009, 6.9094], [-72.95489, 6.91671], [-72.94555, 6.93131], [-72.93538, 6.94961], [-72.93241, 6.96611], [-72.92122, 6.99518], [-72.91023, 7.01719], [-72.89708, 7.02748], [-72.89677, 7.02581], [-72.8866, 7.0196], [-72.88105, 7.01399], [-72.86513, 7.00922]]]}}, {"type": "Feature", "properties": {"codigo_dane": "68720", "municipio": "Santa Helena del Opón"}, "geometry": {"type": "Polygon", "coordinates": [[[-73.69873, 6.37327], [-73.68096, 6.38297], [-73.66689, 6.38824], [-73.656, 6.39447], [-73.64203, 6.40848], [-73.63053, 6.41136], [-73.61584, 6.41328], [-73.5954, 6.41665], [-73.58677, 6.41881], [-73.56098, 6.40951], [-73.52327, 6.39269], [-73.51454, 6.38613], [-73.50704, 6.38625], [-73.50211, 6.38399], [-73.4982, 6.37096], [-73.48916, 6.36272], [-73.49337, 6.35291], [-73.4949, 6.33677], [-73.48874, 6.32781], [-73.48103, 6.31048], [-73.48041, 6.30713], [-73.49736, 6.30114], [-73.52078, 6.28127], [-73.52643, 6.2711], [-73.53177, 6.25925], [-73.53916, 6.2504], [-73.54029, 6.24837], [-73.5443, 6.24561], [-73.55149, 6.24381], [-73.56536, 6.24559], [-73.58179, 6.24498], [-73.59843, 6.23731], [-73.59802, 6.22691], [-73.59853, 6.22153], [-73.6013, 6.21208], [-73.64958, 6.19648], [-73.66695, 6.20089], [-73.66911, 6.21261], [-73.66644, 6.23078], [-73.66901, 6.2529], [-73.67159, 6.27501], [-73.68433, 6.27883], [-73.68494, 6.28217], [-73.69399, 6.29042], [-73.69789, 6.30344], [-73.70293, 6.31444], [-73.69739, 6.33333], [-73.69616, 6.35115], [-73.70089, 6.36047], [-73.69873, 6.37327]]]}}, {"type": "Feature", "properties": {"codigo_dane": "68745", "municipio": "Simacota"}, "geometry": {"type": "Polygon", "coordinates": [[[-73.80936, 6.69573], [-73.80206, 6.6888], [-73.79435, 6.67148], [-73.78592, 6.64207], [-73.77708, 6.62678], [-73.7669, 6.59606], [-73.76546, 6.57191], [-73.76791, 6.53628], [-73.76452, 6.51787], [-73.75794, 6.49851], [-73.76492, 6.47925], [-73.75002, 6.46372], [-73.72824, 6.45167], [-73.70769, 6.44631], [-73.69608, 6.44046], [-73.67759, 6.43809], [-73.65858, 6.4411], [-73.63783, 6.44279], [-73.62026, 6.44544], [-73.59458, 6.44487], [-73.57866, 6.4401], [-73.55123, 6.43822], [-73.53078, 6.44159], [-73.51609, 6.44352], [-73.49596, 6.44856], [-73.48415, 6.44976], [-73.47552, 6.45193], [-73.46227, 6.45349], [-73.46247, 6.44644], [-73.45487, 6.43784], [-73.44449, 6.43869], [-73.42621, 6.45377], [-73.41994, 6.46059], [-73.39929, 6.4465], [-73.37669, 6.43816], [-73.34802, 6.42958], [-73.34083, 6.43138], [-73.32902, 6.43259], [-73.32039, 6.43475], [-73.31351, 6.43822], [-73.29737, 6.416], [-73.30066, 6.40117], [-73.30517, 6.39304], [-73.30589, 6.3806], [-73.30753, 6.37319], [-73.30948, 6.36744], [-73.31318, 6.36302], [-73.31708, 6.35154], [-73.32016, 6.34376], [-73.32859, 6.34865], [-73.33814, 6.35151], [-73.34852, 6.35067], [-73.36495, 6.35005], [-73.37933, 6.34645], [-73.38652, 6.34465], [-73.3969, 6.3438], [-73.41488, 6.35156], [-73.42587, 6.35406], [-73.44293, 6.35679], [-73.44766, 6.36611], [-73.45619, 6.37973], [-73.46841, 6.38892], [-73.48146, 6.39441], [-73.48372, 6.39034], [-73.50211, 6.38399], [-73.50704, 6.38625], [-73.51454, 6.38613], [-73.52327, 6.39269], [-73.56098, 6.40951], [-73.58677, 6.41881], [-73.5954, 6.41665], [-73.61584, 6.41328], [-73.63053, 6.41136], [-73.64203, 6.40848], [-73.656, 6.39447], [-73.66689, 6.38824], [-73.68096, 6.38297], [-73.69873, 6.37327], [-73.70572, 6.37852], [-73.70839, 6.38485], [-73.73356, 6.39081], [-73.74805, 6.39593], [-73.76922, 6.40464], [-73.78257, 6.4118], [-73.79018, 6.4204], [-73.79367, 6.42303], [-73.80508, 6.43593], [-73.81577, 6.46126], [-73.82399, 6.47321], [-73.84259, 6.48431], [-73.86724, 6.49565], [-73.88924, 6.52516], [-73.90475, 6.54403], [-73.92705, 6.5507], [-73.94883, 6.56276], [-73.9628, 6.57326], [-73.98202, 6.58771], [-74.00525, 6.62391], [-73.99816, 6.63444], [-73.9957, 6.64557], [-73.9844, 6.6659], [-73.97249, 6.68289], [-73.97321, 6.69497], [-73.97301, 6.70202], [-73.9726, 6.71613], [-73.96038, 6.73145], [-73.95196, 6.75106], [-73.93912, 6.76303], [-73.91878, 6.77513], [-73.89824, 6.76977], [-73.89002, 6.75782], [-73.87604, 6.74731], [-73.86638, 6.73573], [-73.86371, 6.72939], [-73.8523, 6.71649], [-73.83925, 6.711], [-73.81326, 6.70876], [-73.80936, 6.69573]]]}}, {"type": "Feature", "properties": {"codigo_dane": "68755", "municipio": "Socorro"}, "geometry": {"type": "Polygon", "coordinates": [[[-73.22291, 6.48542], [-73.21705, 6.47813], [-73.20781, 6.47695], [-73.20164, 6.46799], [-73.19804, 6.45663], [-73.18756, 6.44875], [-73.18345, 6.44278], [-73.17585, 6.43418], [-73.17698, 6.43214], [-73.18355, 6.42699], [-73.19043, 6.42352], [-73.19444, 6.42077], [-73.20008, 6.4106], [-73.20173, 6.40318], [-73.20193, 6.39613], [-73.2047, 6.38668], [-73.20429, 6.37628], [-73.21035, 6.37651], [-73.21929, 6.37603], [-73.23634, 6.37876], [-73.24815, 6.37755], [-73.25853, 6.3767], [-73.26428, 6.37526], [-73.28791, 6.37285], [-73.29397, 6.37308], [-73.30753, 6.37319], [-73.30589, 6.3806], [-73.30517, 6.39304], [-73.30066, 6.40117], [-73.29737, 6.416], [-73.29224, 6.42079], [-73.28803, 6.4306], [-73.28495, 6.43837], [-73.28505, 6.4471], [-73.2866, 6.45547], [-73.28197, 6.45487], [-73.26502, 6.46087], [-73.25588, 6.46841], [-73.23893, 6.4744], [-73.22291, 6.48542]]]}}, {"type": "Feature", "properties": {"codigo_dane": "68770", "municipio": "Suaita"}, "geometry": {"type": "Polygon", "coordinates": [[[-73.47902, 6.09563], [-73.47574, 6.11046], [-73.47553, 6.11751], [-73.47533, 6.12457], [-73.4705, 6.13103], [-73.47071, 6.12397], [-73.46136, 6.11406], [-73.45149, 6.10953], [-73.43917, 6.11611], [-73.41523, 6.11686], [-73.39294, 6.11018], [-73.38081, 6.10972], [-73.37106, 6.11391], [-73.35873, 6.1205], [-73.35298, 6.12194], [-73.33829, 6.12387], [-73.32298, 6.12245], [-73.31599, 6.1172], [-73.31024, 6.11864], [-73.30192, 6.12247], [-73.28805, 6.12069], [-73.27182, 6.11425], [-73.26863, 6.1133], [-73.23463, 6.11656], [-73.23031, 6.09313], [-73.22917, 6.07065], [-73.2302, 6.05989], [-73.22855, 6.0428], [-73.22844, 6.03407], [-73.22916, 6.02163], [-73.22556, 6.01028], [-73.22515, 5.99988], [-73.22772, 5.99748], [-73.24035, 5.99257], [-73.25679, 5.99196], [-73.26953, 5.99577], [-73.28114, 6.00162], [-73.28812, 6.00687], [-73.30117, 6.01236], [-73.31093, 6.00816], [-73.32007, 6.00062], [-73.33507, 6.00036], [-73.35613, 6.00034], [-73.36938, 5.99878], [-73.41232, 5.99503], [-73.41294, 5.99837], [-73.41859, 6.01271], [-73.4224, 6.01701], [-73.43195, 6.01987], [-73.43657, 6.02047], [-73.44613, 6.02333], [-73.45949, 6.03049], [-73.46873, 6.03167], [-73.47911, 6.03083], [-73.48548, 6.03273], [-73.48928, 6.03703], [-73.49339, 6.04301], [-73.49863, 6.04695], [-73.50182, 6.0479], [-73.49011, 6.05784], [-73.48333, 6.07004], [-73.48118, 6.08283], [-73.4781, 6.09061], [-73.47902, 6.09563]]]}}, {"type": "Feature", "properties": {"codigo_dane": "68773", "municipio": "Sucre"}, "geometry": {"type": "Polygon", "coordinates": [[[-74.1261, 5.97386], [-74.09949, 5.96826], [-74.09332, 5.9593], [-74.08777, 5.95369], [-74.08335, 5.94604], [-74.08212, 5.93935], [-74.08407, 5.93361], [-74.08622, 5.92081], [-74.09413, 5.90657], [-74.09228, 5.89653], [-74.08416, 5.89331], [-74.06978, 5.89691], [-74.04297, 5.89838], [-74.02396, 5.90139], [-74.00434, 5.90105], [-73.98071, 5.90346], [-73.95914, 5.90886], [-73.94014, 5.91187], [-73.92483, 5.91045], [-73.92041, 5.90281], [-73.91661, 5.89851], [-73.90767, 5.89899], [-73.90674, 5.89397], [-73.88507, 5.89065], [-73.85825, 5.89211], [-73.8375, 5.8938], [-73.78192, 5.87796], [-73.74473, 5.88027], [-73.7247, 5.86953], [-73.72541, 5.85709], [-73.73219, 5.84489], [-73.73959, 5.83603], [-73.74092, 5.82695], [-73.74472, 5.83125], [-73.7476, 5.83053], [-73.76578, 5.83123], [-73.82978, 5.82745], [-73.84591, 5.82517], [-73.87303, 5.82538], [-73.89204, 5.82237], [-73.8942, 5.83408], [-73.90468, 5.84196], [-73.9093, 5.84256], [-73.93406, 5.83811], [-73.94875, 5.83618], [-73.96775, 5.83317], [-74.00432, 5.82752], [-74.02364, 5.82618], [-74.05939, 5.82423], [-74.07675, 5.82864], [-74.09154, 5.83544], [-74.1201, 5.83529], [-74.13521, 5.84376], [-74.14035, 5.86349], [-74.14189, 5.87185], [-74.14251, 5.8752], [-74.13285, 5.88812], [-74.13101, 5.90259], [-74.13358, 5.92471], [-74.13985, 5.9424], [-74.12856, 5.96273], [-74.1261, 5.97386]]]}}, {"type": "Feature", "properties": {"codigo_dane": "68780", "municipio": "Suratá"}, "geometry": {"type": "Polygon", "coordinates": [[[-73.0397, 7.51527], [-73.03784, 7.50523], [-73.0363, 7.49686], [-73.0362, 7.48813], [-73.0326, 7.47678], [-73.03105, 7.46841], [-73.02838, 7.46208], [-73.01697, 7.44918], [-73.00937, 7.44058], [-73.0067, 7.43424], [-72.99991, 7.42193], [-73.0108, 7.41571], [-73.02087, 7.41318], [-73.02436, 7.41581], [-73.02734, 7.42382], [-73.03721, 7.42835], [-73.0446, 7.4195], [-73.03402, 7.40289], [-73.02765, 7.40098], [-73.02261, 7.38999], [-73.02363, 7.37923], [-73.02692, 7.3644], [-73.03113, 7.35459], [-73.03143, 7.33175], [-73.0416, 7.33796], [-73.04931, 7.35529], [-73.05948, 7.36149], [-73.06421, 7.37082], [-73.06883, 7.37141], [-73.08989, 7.37139], [-73.09996, 7.36887], [-73.11147, 7.36599], [-73.12359, 7.36645], [-73.12575, 7.37817], [-73.12791, 7.38988], [-73.13007, 7.4016], [-73.12391, 7.41714], [-73.11775, 7.43269], [-73.10163, 7.45949], [-73.09598, 7.46966], [-73.09362, 7.48951], [-73.10647, 7.50205], [-73.10184, 7.50146], [-73.09928, 7.50385], [-73.09239, 7.50733], [-73.08243, 7.51858], [-73.07524, 7.52038], [-73.05911, 7.52266], [-73.05737, 7.52135], [-73.0397, 7.51527]]]}}, {"type": "Feature", "properties": {"codigo_dane": "68820", "municipio": "Tona"}, "geometry": {"type": "Polygon", "coordinates": [[[-72.90288, 7.19762], [-72.90031, 7.20001], [-72.90195, 7.19259], [-72.89897, 7.18459], [-72.8963, 7.17825], [-72.88962, 7.17467], [-72.88438, 7.17073], [-72.87945, 7.16847], [-72.87328, 7.15951], [-72.87143, 7.14946], [-72.87163, 7.14241], [-72.86434, 7.13548], [-72.86084, 7.13286], [-72.85786, 7.12485], [-72.85776, 7.11612], [-72.85858, 7.11241], [-72.8671, 7.10152], [-72.86731, 7.09447], [-72.8747, 7.08561], [-72.87891, 7.07581], [-72.88024, 7.06672], [-72.8825, 7.06265], [-72.88363, 7.06062], [-72.88979, 7.04507], [-72.89708, 7.02748], [-72.90818, 7.03871], [-72.90962, 7.03835], [-72.9203, 7.03918], [-72.93242, 7.03964], [-72.93448, 7.04263], [-72.94547, 7.04513], [-72.95636, 7.0389], [-72.9653, 7.03842], [-72.96684, 7.04678], [-72.96746, 7.05013], [-72.9764, 7.04964], [-72.99509, 7.04496], [-73.01266, 7.04231], [-73.02016, 7.04219], [-73.0219, 7.0435], [-73.02745, 7.04911], [-73.03187, 7.05676], [-73.03896, 7.07074], [-73.0439, 7.07301], [-73.0514, 7.07288], [-73.05972, 7.06905], [-73.06177, 7.07203], [-73.06527, 7.07466], [-73.07513, 7.07919], [-73.08242, 7.08612], [-73.08171, 7.09856], [-73.07812, 7.11171], [-73.07904, 7.11673], [-73.06466, 7.12033], [-73.05408, 7.12824], [-73.04381, 7.13781], [-73.03467, 7.14535], [-73.0319, 7.1548], [-73.02851, 7.1609], [-73.02337, 7.16569], [-73.01773, 7.17586], [-73.00273, 7.17611], [-72.99317, 7.17325], [-72.9828, 7.1741], [-72.96811, 7.17603], [-72.9526, 7.18166], [-72.94078, 7.18287], [-72.93072, 7.18539], [-72.91839, 7.19198], [-72.91726, 7.19401], [-72.90288, 7.19762]]]}}, {"type": "Feature", "properties": {"codigo_dane": "68855", "municipio": "Valle de San José"}, "geometry": {"type": "Polygon", "coordinates": [[[-73.11431, 6.45134], [-73.09962, 6.45326], [-73.08781, 6.45447], [-73.076, 6.45568], [-73.07158, 6.44803], [-73.06716, 6.44038], [-73.06674, 6.42998], [-73.0729, 6.41443], [-73.0765, 6.40128], [-73.07927, 6.39183], [-73.07885, 6.38143], [-73.07844, 6.37103], [-73.08008, 6.36361], [-73.09395, 6.36539], [-73.10576, 6.36418], [-73.11614, 6.36334], [-73.12713, 6.36584], [-73.14758, 6.36247], [-73.15775, 6.36867], [-73.15693, 6.37238], [-73.16022, 6.38206], [-73.16032, 6.39079], [-73.15879, 6.40693], [-73.15314, 6.4171], [-73.13424, 6.42884], [-73.12027, 6.44284], [-73.11431, 6.45134]]]}}, {"type": "Feature", "properties": {"codigo_dane": "68861", "municipio": "Vélez"}, "geometry": {"type": "Polygon", "coordinates": [[[-73.86003, 6.39941], [-73.83969, 6.4115], [-73.81956, 6.41654], [-73.8063, 6.41811], [-73.79018, 6.4204], [-73.78257, 6.4118], [-73.76922, 6.40464], [-73.74805, 6.39593], [-73.73356, 6.39081], [-73.70839, 6.38485], [-73.70572, 6.37852], [-73.69873, 6.37327], [-73.70089, 6.36047], [-73.69616, 6.35115], [-73.69739, 6.33333], [-73.70293, 6.31444], [-73.69789, 6.30344], [-73.69399, 6.29042], [-73.68494, 6.28217], [-73.68433, 6.27883], [-73.68597, 6.27141], [-73.70137, 6.25705], [-73.70815, 6.24485], [-73.71945, 6.22451], [-73.72704, 6.2086], [-73.73064, 6.19545], [-73.72991, 6.18337], [-73.72775, 6.17166], [-73.71018, 6.14979], [-73.70329, 6.12876], [-73.69497, 6.10808], [-73.69239, 6.08597], [-73.69362, 6.06815], [-73.69115, 6.05476], [-73.68837, 6.0397], [-73.68457, 6.0354], [-73.69268, 6.01411], [-73.69853, 5.99689], [-73.69863, 5.9811], [-73.69154, 5.96712], [-73.67418, 5.96272], [-73.65949, 5.96464], [-73.65425, 5.9607], [-73.61799, 5.96803], [-73.61737, 5.96469], [-73.61315, 5.94999], [-73.61141, 5.94867], [-73.6188, 5.93982], [-73.6304, 5.92115], [-73.63574, 5.90931], [-73.64108, 5.89747], [-73.64642, 5.88563], [-73.65094, 5.87749], [-73.66522, 5.88967], [-73.67807, 5.90221], [-73.68773, 5.9138], [-73.71608, 5.92071], [-73.73201, 5.92547], [-73.75081, 5.92952], [-73.74804, 5.93897], [-73.73767, 5.96433], [-73.72904, 5.991], [-73.71754, 6.01839], [-73.71704, 6.04828], [-73.73174, 6.07086], [-73.74982, 6.08734], [-73.76246, 6.10694], [-73.78013, 6.11302], [-73.77561, 6.12115], [-73.76976, 6.13838], [-73.76966, 6.15416], [-73.77532, 6.1685], [-73.77573, 6.1789], [-73.76557, 6.1972], [-73.74903, 6.2136], [-73.73229, 6.23705], [-73.72469, 6.25296], [-73.72634, 6.27006], [-73.72943, 6.28679], [-73.73025, 6.3076], [-73.7317, 6.33175], [-73.73386, 6.34346], [-73.74259, 6.35003], [-73.7652, 6.35837], [-73.78338, 6.35907], [-73.80948, 6.37005], [-73.82427, 6.37685], [-73.84575, 6.38723], [-73.86003, 6.39941]]]}}, {"type": "Feature", "properties": {"codigo_dane": "68867", "municipio": "Vetas"}, "geometry": {"type": "Polygon", "coordinates": [[[-72.94114, 7.38063], [-72.93878, 7.37596], [-72.94042, 7.36855], [-72.93682, 7.3572], [-72.9324, 7.34955], [-72.92767, 7.34023], [-72.92212, 7.33461], [-72.91596, 7.32565], [-72.91185, 7.31968], [-72.90517, 7.3161], [-72.9025, 7.30976], [-72.90219, 7.30809], [-72.89982, 7.30343], [-72.89715, 7.2971], [-72.89016, 7.29184], [-72.87773, 7.2897], [-72.87311, 7.28911], [-72.87075, 7.28445], [-72.8652, 7.27884], [-72.86026, 7.27657], [-72.8579, 7.27191], [-72.8581, 7.26485], [-72.85862, 7.25947], [-72.86057, 7.25373], [-72.87002, 7.24786], [-72.87228, 7.2438], [-72.87628, 7.24104], [-72.87854, 7.23698], [-72.88255, 7.23422], [-72.8885, 7.22573], [-72.8922, 7.2213], [-72.89641, 7.21149], [-72.8998, 7.20539], [-72.90031, 7.20001], [-72.90288, 7.19762], [-72.91099, 7.20084], [-72.91562, 7.20143], [-72.92291, 7.20836], [-72.92959, 7.21194], [-72.93812, 7.22556], [-72.94449, 7.22746], [-72.95024, 7.22602], [-72.95949, 7.22721], [-72.9673, 7.22876], [-72.97953, 7.23795], [-72.99627, 7.23901], [-73.00315, 7.23553], [-72.98744, 7.24822], [-72.98097, 7.2621], [-72.97954, 7.28697], [-72.97913, 7.30108], [-72.97441, 7.31627], [-72.97349, 7.33576], [-72.96928, 7.34556], [-72.96281, 7.35944], [-72.95809, 7.37463], [-72.95768, 7.38874], [-72.95666, 7.3995], [-72.95131, 7.38683], [-72.94114, 7.38063]]]}}, {"type": "Feature", "properties": {"codigo_dane": "68872", "municipio": "Villanueva"}, "geometry": {"type": "Polygon", "coordinates": [[[-73.20817, 6.69921], [-73.20057, 6.69061], [-73.18515, 6.68046], [-73.17416, 6.67796], [-73.15649, 6.67188], [-73.14118, 6.67047], [-73.14889, 6.66328], [-73.1496, 6.65085], [-73.14118, 6.64596], [-73.13162, 6.6431], [-73.12032, 6.63892], [-73.12371, 6.63282], [-73.12247, 6.62613], [-73.12525, 6.61668], [-73.12339, 6.60664], [-73.1238, 6.59253], [-73.12195, 6.58249], [-73.1501, 6.57194], [-73.17855, 6.56306], [-73.18122, 6.56939], [-73.18657, 6.58206], [-73.2026, 6.59556], [-73.20281, 6.61301], [-73.20754, 6.62233], [-73.20415, 6.62844], [-73.19706, 6.63896], [-73.20097, 6.65199], [-73.2132, 6.66119], [-73.2245, 6.66536], [-73.22203, 6.67648], [-73.21659, 6.67959], [-73.21125, 6.69144], [-73.20817, 6.69921]]]}}, {"type": "Feature", "properties": {"codigo_dane": "68895", "municipio": "Zapatoca"}, "geometry": {"type": "Polygon", "coordinates": [[[-73.24365, 6.84265], [-73.23122, 6.84051], [-73.22012, 6.82928], [-73.21601, 6.82331], [-73.21334, 6.81697], [-73.20841, 6.81471], [-73.2006, 6.81316], [-73.19598, 6.81257], [-73.18169, 6.80039], [-73.18272, 6.78963], [-73.18456, 6.77516], [-73.19011, 6.75626], [-73.19678, 6.73533], [-73.20283, 6.71105], [-73.20817, 6.69921], [-73.21125, 6.69144], [-73.21659, 6.67959], [-73.22203, 6.67648], [-73.2245, 6.66536], [-73.23313, 6.6632], [-73.24288, 6.659], [-73.24771, 6.65254], [-73.25449, 6.64034], [-73.26538, 6.63411], [-73.28438, 6.6311], [-73.30256, 6.6318], [-73.31603, 6.64769], [-73.34059, 6.67481], [-73.35456, 6.68531], [-73.3671, 6.69618], [-73.37583, 6.70275], [-73.38087, 6.71374], [-73.3782, 6.73192], [-73.37697, 6.74973], [-73.37616, 6.77795], [-73.37092, 6.79852], [-73.38305, 6.8235], [-73.39138, 6.84417], [-73.41367, 6.85085], [-73.44634, 6.85667], [-73.48189, 6.86178], [-73.46463, 6.8661], [-73.43905, 6.87425], [-73.42323, 6.87822], [-73.40865, 6.88887], [-73.37053, 6.88616], [-73.36981, 6.87409], [-73.36467, 6.85436], [-73.34997, 6.83178], [-73.32696, 6.81303], [-73.30743, 6.79691], [-73.2911, 6.78174], [-73.2836, 6.78187], [-73.27209, 6.78475], [-73.25648, 6.80617], [-73.25114, 6.81801], [-73.25269, 6.82638], [-73.24365, 6.84265]]]}}]}